History Key,Source,Provider,Programme,Call ID,Topic ID,Title,Type,URL,Opened,Deadline,First Seen,Last Seen,Seen Snapshots,Seen Count,Currently Matched,Last Status,Last Urgency,Last Days,Score,Matched Terms,Theme
"asi|terza-call-i4dp_science-sviluppo-di-applicativi-basati-su-nuovi-metodi-e-algoritmi-di-analisi-di-dati-satellitari-e-formazione-di-personale-a-qualificazione-medio-alta-in-diversi-settori-applicativ|https://www.asi.it/bandi_e_concorsi/terza-call-i4dp_science-sviluppo-di-applicativi-basati-su-nuovi-metodi-e-algoritmi-di-analisi-di-dati-satellitari-e-formazione-di-personale-a-qualificazione-medio-alta-in-diversi-settori-applicativ/|terza call i4dp_science ""sviluppo di applicativi basati su nuovi metodi e algoritmi di analisi di dati satellitari e formazione di personale a qualificazione medio-alta, in diversi settori applicativi e del downstream scientifico""",ASI,Agenzia Spaziale Italiana,ASI national calls and procurements,,terza-call-i4dp_science-sviluppo-di-applicativi-basati-su-nuovi-metodi-e-algoritmi-di-analisi-di-dati-satellitari-e-formazione-di-personale-a-qualificazione-medio-alta-in-diversi-settori-applicativ,"Terza call I4DP_SCIENCE ""Sviluppo di applicativi basati su nuovi metodi e algoritmi di analisi di dati satellitari e formazione di personale a qualificazione medio-alta, in diversi settori applicativi e del downstream scientifico""",Call / notice,https://www.asi.it/bandi_e_concorsi/terza-call-i4dp_science-sviluppo-di-applicativi-basati-su-nuovi-metodi-e-algoritmi-di-analisi-di-dati-satellitari-e-formazione-di-personale-a-qualificazione-medio-alta-in-diversi-settori-applicativ/,,2026-10-02,2026-09-10,2026-09-11,2026-09-10;2026-09-11,2,yes,Open/check source,ORANGE - due <=21 days,21,31,"call for ideas, dati satellitari, downstream scientifico, formazione, i4dp, i4dp_science, innovation for downstream preparation, satellite, space economy","ASI|Agenzia Spaziale Italiana Bandi e amministrazione trasparente... Bandi Concorsi e opportunità Media e altro... AGENDA ASITV IT EN Navigazione L’Agenzia Vita nello spazio Scienze della Terra I pianeti, le stelle, l’universo Trasporto Spaziale TLC e Navigazione Tecnologie, ingegneria, micro e nanosatelliti Space Economy Formazione MoRe-ASI Comunicazione Newsletter ASI ASI Official Store In primo piano: Digital Twin, il gemello digitale per testare un satellite prima che voli La sfida di abitare sulla Luna Un vulcano piccolo, ma vigoroso Il lanciatore europeo Spectrum raggiunge l’orbita Swift, volge al termine la missione del suo ‘carro attrezzi’ --> --> IT Bandi Concorsi e opportunità Home"
ecmwf copernicus|cams2_73a|cams2_73a|https://ted.europa.eu/en/notice/-/detail/497659-2026|complementary products for the cams solar radiation service segment,ECMWF Copernicus,ECMWF,Copernicus C3S/CAMS procurement,CAMS2_73a,CAMS2_73a,Complementary products for the CAMS solar radiation service segment,Invitation to Tender,https://ted.europa.eu/en/notice/-/detail/497659-2026,2026-07-16,2026-09-15,2026-09-10,2026-09-11,2026-09-10;2026-09-11,2,yes,Open,RED - due <=7 days,4,5,"CAMS, solar radiation",Complementary products for the CAMS solar radiation service segment
ecmwf copernicus|c3s2_424|c3s2_424|https://ted.europa.eu/en/notice/-/detail/444119-2026|european reference framework for climate scenarios,ECMWF Copernicus,ECMWF,Copernicus C3S/CAMS procurement,C3S2_424,C3S2_424,European reference framework for climate scenarios,Invitation to Tender,https://ted.europa.eu/en/notice/-/detail/444119-2026,2026-06-25,2026-09-24,2026-09-10,2026-09-11,2026-09-10;2026-09-11,2,yes,Open,ORANGE - due <=14 days,13,2,climate,European reference framework for climate scenarios
ecmwf copernicus|cams2_84a|cams2_84a|https://ted.europa.eu/en/notice/-/detail/481208-2026|eqc of emission and surface fluxes products: prototype eqc activities for global products,ECMWF Copernicus,ECMWF,Copernicus C3S/CAMS procurement,CAMS2_84a,CAMS2_84a,EQC of emission and surface fluxes products: prototype EQC activities for global products,Invitation to Tender,https://ted.europa.eu/en/notice/-/detail/481208-2026,2026-07-09,2026-09-30,2026-09-10,2026-09-11,2026-09-10;2026-09-11,2,yes,Open,AMBER - due <=30 days,19,4,"EQC, emission",EQC of emission and surface fluxes products: prototype EQC activities for global products
ecmwf copernicus|c3s2_610|c3s2_610|https://ted.europa.eu/en/notice/-/detail/518829-2026|development of an event-linked counterfactual diagnostic evidence layer based on ecmwf forecast and reanalysis information in support of the c3s operational attribution office,ECMWF Copernicus,ECMWF,Copernicus C3S/CAMS procurement,C3S2_610,C3S2_610,Development of an event-linked counterfactual diagnostic evidence layer based on ECMWF forecast and reanalysis information in support of the C3S Operational Attribution Office,Invitation to Tender,https://ted.europa.eu/en/notice/-/detail/518829-2026,2026-07-24,2026-10-01,2026-09-10,2026-09-11,2026-09-10;2026-09-11,2,yes,Open,AMBER - due <=30 days,20,10,"C3S, evidence layer, forecast, reanalysis",Development of an event-linked counterfactual diagnostic evidence layer based on ECMWF forecast and reanalysis information in support of the C3S Operational Attribution Office
esa business applications|ao 1-10494|https://business.esa.int/funding/direct-negotiation-generic-programme-line|ao 1-10494 call for proposals for downstream applications in artes 4.0,ESA Business Applications,European Space Agency,ARTES 4.0 BASS,AO 1-10494,,AO 1-10494 Call for Proposals for Downstream Applications in ARTES 4.0,BASS Open Call,https://business.esa.int/funding/direct-negotiation-generic-programme-line,,,2026-09-10,2026-09-11,2026-09-10;2026-09-11,2,yes,Open / APQ any time,BLUE - open channel/no fixed deadline,,18,"artes, business applications, downstream applications, earth observation, eo, space solutions",ESA Space Solutions Skip to main content Main navigation Home About us News How to apply Kick-starts Proof-of-concept Studies and Pilot Projects Funding Portfolio Ambassadors Focus Areas Bioeconomy Bioeconomy Task Force Energy Energy Task Force Green Activities Maritime Maritime Sustainability Task Force Mobility-Land Rail Smart and Green Cities Task Force For Smart and Green Cities Finance and Insurance Logistics and Infrastructure National Delegations Watch the video to learn more about what you can do with space-related assets! No tiene contenido No hay posibilidad de insertar contenido al bloque. Esto pasa en todos los bloques de ESA block module BUSINESS APPLICATIONS HOW TO APPLY NATIONAL DELEGATIONS NEWSLETTER TACKLING SOCIETAL CHALLENGES Staff Login Media Ambassador ESA Earth Observation Database Newcomer's Earth Observation Guide EO Data Access Latest News Business Network CONTRA
esa business applications|ao 1-11111|https://business.esa.int/funding/direct-negotiation-call-for-proposals/case-commercial-applications-enabled-space-environments|case: commercial applications enabled by space environments,ESA Business Applications,European Space Agency,ARTES 4.0 BASS,AO 1-11111,,CASE: Commercial Applications Enabled by Space Environments,BASS Open Call,https://business.esa.int/funding/direct-negotiation-call-for-proposals/case-commercial-applications-enabled-space-environments,2021-12-16,,2026-09-10,2026-09-11,2026-09-10;2026-09-11,2,yes,Open / APQ any time,BLUE - open channel/no fixed deadline,,33,"activity pitch questionnaire, apq, business applications, customer, demonstration project, earth observation, eo, feasibility study, national delegation, onboard, outline proposal, remote sensing, users, validation","CASE: Commercial Applications Enabled by Space Environments Skip to main content Main navigation Home About us News How to apply Kick-starts Proof-of-concept Studies and Pilot Projects Funding Portfolio Ambassadors Focus Areas Bioeconomy Bioeconomy Task Force Energy Energy Task Force Green Activities Maritime Maritime Sustainability Task Force Mobility-Land Rail Smart and Green Cities Task Force For Smart and Green Cities Finance and Insurance Logistics and Infrastructure National Delegations CASE: Commercial Applications Enabled by Space Environments Breadcrumb Home Funding CASE: Commercial Applications Enabled By Space Environments Credit: ESA/NASA ESA-STAR REFERENCE 1-11111 Activity Feasibility Study, Demonstration Project Opening date 16-12-2021 Your Business in Orbit Space can be the ideal environment to exploit a wide range of phenomena and physical processes that are not possible"
esa business applications|ao 10494|https://business.esa.int/funding/call-for-proposals-non-competitive/commercial-applications-space-enabled-robotics|commercial applications of space-enabled robotics,ESA Business Applications,European Space Agency,ARTES 4.0 BASS,AO 10494,,Commercial Applications of Space-Enabled Robotics,BASS Open Call,https://business.esa.int/funding/call-for-proposals-non-competitive/commercial-applications-space-enabled-robotics,2024-03-07,,2026-09-10,2026-09-11,2026-09-10;2026-09-11,2,yes,Open / APQ any time,BLUE - open channel/no fixed deadline,,40,"agriculture, air quality, autonomous, bass, business applications, critical infrastructure, crop, customer, demonstration project, disaster, drone, earth observation, eo, feasibility study, image, quality","Commercial Applications of Space-Enabled Robotics Skip to main content Main navigation Home About us News How to apply Kick-starts Proof-of-concept Studies and Pilot Projects Funding Portfolio Ambassadors Focus Areas Bioeconomy Bioeconomy Task Force Energy Energy Task Force Green Activities Maritime Maritime Sustainability Task Force Mobility-Land Rail Smart and Green Cities Task Force For Smart and Green Cities Finance and Insurance Logistics and Infrastructure National Delegations Commercial Applications of Space-Enabled Robotics Breadcrumb Home Funding Commercial Applications of Space-Enabled Robotics Image credit: Rawpixel ESA-STAR REFERENCE 1-10494 Opportunity Call for Proposals (Non-Competitive) Activity Feasibility Study, Demonstration Project Opening date 07-03-2024 This funding call consists of 6 sub-themes, each open at a different point in time. Please see the list of currentl"
esa gstp|7518484c42eae4ca453e5d847a349062|3523813410390354408|https://ideas.esa.int/core/servlet/hype/imt?documenttableid=3523813410390354408&useraction=browse&templatename=&documentid=7518484c42eae4ca453e5d847a349062|danish call for activity proposals to gstp element 1 (de-risk) and element 2 (make),ESA GSTP,European Space Agency,GSTP Element 2 Make,7518484c42eae4ca453e5d847a349062,3523813410390354408,Danish call for activity proposals to GSTP Element 1 (De-risk) and Element 2 (MAKE),OSIP Campaign,https://ideas.esa.int/core/servlet/hype/IMT?documentTableId=3523813410390354408&userAction=Browse&templateName=&documentId=7518484c42eae4ca453e5d847a349062,,2026-11-09,2026-09-10,2026-09-10,2026-09-10,1,no,Submission,GREEN - due >45 days,60,9,"element 2, gstp, make",Danish call for activity proposals to GSTP Element 1 (De-risk) and Element 2 (MAKE) The call dedicated for Danish entities applying for GSTP Element 1 De-risk Framework or Element 2 activities. 0 Submissions Ends in 2 months Go to Campaign
esa gstp|ac10a0a713015de39cd11ed85737d8c0|3523813410390354408|https://ideas.esa.int/core/servlet/hype/imt?documenttableid=3523813410390354408&useraction=browse&templatename=&documentid=ac10a0a713015de39cd11ed85737d8c0|danish request for interest (rfi) to the gstp resilience & security component workplan,ESA GSTP,European Space Agency,GSTP Element 2 Make,ac10a0a713015de39cd11ed85737d8c0,3523813410390354408,Danish Request for Interest (RFI) to the GSTP Resilience & Security Component Workplan,OSIP Campaign,https://ideas.esa.int/core/servlet/hype/IMT?documentTableId=3523813410390354408&userAction=Browse&templateName=&documentId=ac10a0a713015de39cd11ed85737d8c0,,2026-11-09,2026-09-10,2026-09-10,2026-09-10,1,no,Submission,GREEN - due >45 days,60,5,"gstp, security",Danish Request for Interest (RFI) to the GSTP Resilience & Security Component Workplan Registered in Denmark and working on resilience and security space technology? This call is for you! 0 Submissions Ends in 2 months Go to Campaign
esa gstp|7518484c42eae4ca453e5d847a349062|3523813410393072843|https://ideas.esa.int/core/servlet/hype/imt?documenttableid=3523813410393072843&useraction=browse&templatename=&documentid=7518484c42eae4ca453e5d847a349062|danish call for activity proposals to gstp element 1 (de-risk) and element 2 (make),ESA GSTP,European Space Agency,GSTP Element 2 Make,7518484c42eae4ca453e5d847a349062,3523813410393072843,Danish call for activity proposals to GSTP Element 1 (De-risk) and Element 2 (MAKE),OSIP Campaign,https://ideas.esa.int/core/servlet/hype/IMT?documentTableId=3523813410393072843&userAction=Browse&templateName=&documentId=7518484c42eae4ca453e5d847a349062,,2026-11-10,2026-09-11,2026-09-11,2026-09-11,1,yes,Submission,GREEN - due >45 days,60,9,"element 2, gstp, make",Danish call for activity proposals to GSTP Element 1 (De-risk) and Element 2 (MAKE) The call dedicated for Danish entities applying for GSTP Element 1 De-risk Framework or Element 2 activities. 0 Submissions Ends in 2 months Go to Campaign
esa gstp|ac10a0a713015de39cd11ed85737d8c0|3523813410393072843|https://ideas.esa.int/core/servlet/hype/imt?documenttableid=3523813410393072843&useraction=browse&templatename=&documentid=ac10a0a713015de39cd11ed85737d8c0|danish request for interest (rfi) to the gstp resilience & security component workplan,ESA GSTP,European Space Agency,GSTP Element 2 Make,ac10a0a713015de39cd11ed85737d8c0,3523813410393072843,Danish Request for Interest (RFI) to the GSTP Resilience & Security Component Workplan,OSIP Campaign,https://ideas.esa.int/core/servlet/hype/IMT?documentTableId=3523813410393072843&userAction=Browse&templateName=&documentId=ac10a0a713015de39cd11ed85737d8c0,,2026-11-10,2026-09-11,2026-09-11,2026-09-11,1,yes,Submission,GREEN - due >45 days,60,5,"gstp, security",Danish Request for Interest (RFI) to the GSTP Resilience & Security Component Workplan Registered in Denmark and working on resilience and security space technology? This call is for you! 0 Submissions Ends in 2 months Go to Campaign
"esa gstp|ca-2019-00045|45087596271774066|https://ideas.esa.int/core/servlet/hype/imt?documentid=d1b0bbb26bfd9c41bd3d3e4471325c40&documenttableid=45087596271774066&templatename=&useraction=browse|market oriented activities - gstp element 2 ""make""",ESA GSTP,European Space Agency,GSTP Element 2 Make,Ca-2019-00045,45087596271774066,"Market Oriented Activities - GSTP Element 2 ""MAKE""",OSIP Channel,https://ideas.esa.int/core/servlet/hype/IMT?documentId=d1b0bbb26bfd9c41bd3d3e4471325c40&documentTableId=45087596271774066&templateName=&userAction=Browse,,,2026-09-10,2026-09-11,2026-09-10;2026-09-11,2,yes,Submission,BLUE - open channel/no fixed deadline,,33,"co-funded, edge, element 2, gstp, make, market oriented, open call, osip, outline proposal, quality, r&d, research, sustainability","Open Space Innovation Platform - OSIP - Channel: ‪Market Oriented Activities - GSTP Element 2 ""MAKE""‬ --> --> --> Explore Help Quick Guide Search Log In Register This web application logs your IP address. By visiting this site, you agree to our privacy policy. OK For the best experience on your mobile device, turn your device or check out the desktop version where you can use wider browser windows. Menu Banner ESA-logo_test2.jpg --> Channel Ca-2019-00045 Market Oriented Activities - GSTP Element 2 ""MAKE"" Status: Submission --> --> --> Market Oriented Activities - GSTP Element 2 ""MAKE"" --> Teaser Opportunities for Market-Oriented Activities --> Director of Technology, Engineering and Quality - Dietmar Pilz --> Matthew Robert Bullock --> --> Submit Your Idea --> --> --> --> --> --> Description With the General Support Technology Programme (GSTP), ESA supports the development of technologie"
esa gstp|5655bd68fc87c649853708e4ff178484|3523813410390354412|https://ideas.esa.int/core/servlet/hype/imt?documenttableid=3523813410390354412&useraction=browse&templatename=&documentid=5655bd68fc87c649853708e4ff178484|pnt competitiveness - navisp element 2,ESA GSTP,European Space Agency,GSTP Element 2 Make,5655bd68fc87c649853708e4ff178484,3523813410390354412,PNT Competitiveness - NAVISP Element 2,OSIP Channel,https://ideas.esa.int/core/servlet/hype/IMT?documentTableId=3523813410390354412&userAction=Browse&templateName=&documentId=5655bd68fc87c649853708e4ff178484,,,2026-09-10,2026-09-10,2026-09-10,1,no,Open / check source,BLUE - open channel/no fixed deadline,,5,"element 2, pnt","PNT Competitiveness - NAVISP Element 2 Industry is invited to submit ideas to transform Positioning, Navigation, and Timing (PNT) capabilities into competitive, market-ready solutions. 23 Submissions"
esa gstp|5655bd68fc87c649853708e4ff178484|3523813410393072847|https://ideas.esa.int/core/servlet/hype/imt?documenttableid=3523813410393072847&useraction=browse&templatename=&documentid=5655bd68fc87c649853708e4ff178484|pnt competitiveness - navisp element 2,ESA GSTP,European Space Agency,GSTP Element 2 Make,5655bd68fc87c649853708e4ff178484,3523813410393072847,PNT Competitiveness - NAVISP Element 2,OSIP Channel,https://ideas.esa.int/core/servlet/hype/IMT?documentTableId=3523813410393072847&userAction=Browse&templateName=&documentId=5655bd68fc87c649853708e4ff178484,,,2026-09-11,2026-09-11,2026-09-11,1,yes,Open / check source,BLUE - open channel/no fixed deadline,,5,"element 2, pnt","PNT Competitiveness - NAVISP Element 2 Industry is invited to submit ideas to transform Positioning, Navigation, and Timing (PNT) capabilities into competitive, market-ready solutions. 23 Submissions"
esa osip|d1ce43afde15f63d38cc4f7d09d94a92|3523813410390354408|https://ideas.esa.int/core/servlet/hype/imt?documenttableid=3523813410390354408&useraction=browse&templatename=&documentid=d1ce43afde15f63d38cc4f7d09d94a92|esa strategic initiative in support of isam: investigation of future use cases,ESA OSIP,European Space Agency,ESA OSIP,d1ce43afde15f63d38cc4f7d09d94a92,3523813410390354408,ESA Strategic Initiative in support of ISAM: investigation of future use cases,OSIP Campaign,https://ideas.esa.int/core/servlet/hype/IMT?documentTableId=3523813410390354408&userAction=Browse&templateName=&documentId=d1ce43afde15f63d38cc4f7d09d94a92,,2026-09-14,2026-09-10,2026-09-10,2026-09-10,1,no,Submission,RED - due <=7 days,4,2,research,"ESA Strategic Initiative in support of ISAM: investigation of future use cases ESA invites Europe’s industry, research organisations, and academia to propose concepts towards future ISAM use cases. Selected teams will be invited to refine their proposals with ESA experts and key stakeholders during an innovation sprint at ESTEC (23–27 November 2026). The winning team(s) will be invited to cooperate with ESA for 6 months to develop their concept, supported by up to €200,000 via Cooperative Agreement. The deadline for this first step of idea submissions is 14/09/2026, Time (12:00), CEST. 7 Submissions Ends in 4 days Go to Campaign"
esa osip|d1ce43afde15f63d38cc4f7d09d94a92|3523813410393072843|https://ideas.esa.int/core/servlet/hype/imt?documenttableid=3523813410393072843&useraction=browse&templatename=&documentid=d1ce43afde15f63d38cc4f7d09d94a92|esa strategic initiative in support of isam: investigation of future use cases,ESA OSIP,European Space Agency,ESA OSIP,d1ce43afde15f63d38cc4f7d09d94a92,3523813410393072843,ESA Strategic Initiative in support of ISAM: investigation of future use cases,OSIP Campaign,https://ideas.esa.int/core/servlet/hype/IMT?documentTableId=3523813410393072843&userAction=Browse&templateName=&documentId=d1ce43afde15f63d38cc4f7d09d94a92,,2026-09-14,2026-09-11,2026-09-11,2026-09-11,1,yes,Submission,RED - due <=7 days,3,2,research,"ESA Strategic Initiative in support of ISAM: investigation of future use cases ESA invites Europe’s industry, research organisations, and academia to propose concepts towards future ISAM use cases. Selected teams will be invited to refine their proposals with ESA experts and key stakeholders during an innovation sprint at ESTEC (23–27 November 2026). The winning team(s) will be invited to cooperate with ESA for 6 months to develop their concept, supported by up to €200,000 via Cooperative Agreement. The deadline for this first step of idea submissions is 14/09/2026, Time (12:00), CEST. 9 Submissions Ends in 3 days Go to Campaign"
esa osip|76590fb19b5e6424d8862a329c2884b1|3523813410390354408|https://ideas.esa.int/core/servlet/hype/imt?documenttableid=3523813410390354408&useraction=browse&templatename=&documentid=76590fb19b5e6424d8862a329c2884b1|call for ideas: autonomous software experiments on hera,ESA OSIP,European Space Agency,ESA OSIP,76590fb19b5e6424d8862a329c2884b1,3523813410390354408,Call for Ideas: Autonomous Software Experiments on Hera,OSIP Campaign,https://ideas.esa.int/core/servlet/hype/IMT?documentTableId=3523813410390354408&userAction=Browse&templateName=&documentId=76590fb19b5e6424d8862a329c2884b1,,2026-09-15,2026-09-10,2026-09-10,2026-09-10,1,no,Submission,RED - due <=7 days,5,16,"autonomous, autonomous software, call for ideas, earth, hera, onboard, software",Call for Ideas: Autonomous Software Experiments on Hera Your software could fly millions of kilometres from Earth. ESA is opening the Hera spacecraft to experimental onboard software. Submit your idea and run your algorithms in a real deep-space mission environment. 29 Submissions Ends in 5 days Go to Campaign
esa osip|76590fb19b5e6424d8862a329c2884b1|3523813410393072843|https://ideas.esa.int/core/servlet/hype/imt?documenttableid=3523813410393072843&useraction=browse&templatename=&documentid=76590fb19b5e6424d8862a329c2884b1|call for ideas: autonomous software experiments on hera,ESA OSIP,European Space Agency,ESA OSIP,76590fb19b5e6424d8862a329c2884b1,3523813410393072843,Call for Ideas: Autonomous Software Experiments on Hera,OSIP Campaign,https://ideas.esa.int/core/servlet/hype/IMT?documentTableId=3523813410393072843&userAction=Browse&templateName=&documentId=76590fb19b5e6424d8862a329c2884b1,,2026-09-15,2026-09-11,2026-09-11,2026-09-11,1,yes,Submission,RED - due <=7 days,4,16,"autonomous, autonomous software, call for ideas, earth, hera, onboard, software",Call for Ideas: Autonomous Software Experiments on Hera Your software could fly millions of kilometres from Earth. ESA is opening the Hera spacecraft to experimental onboard software. Submit your idea and run your algorithms in a real deep-space mission environment. 29 Submissions Ends in 4 days Go to Campaign
esa osip|baccef527f7e65995108167caed601a1|3523813410390354408|https://ideas.esa.int/core/servlet/hype/imt?documenttableid=3523813410390354408&useraction=browse&templatename=&documentid=baccef527f7e65995108167caed601a1|join the science definition team (sdt) to help define the exploration science payload for a proposed future mars lander: medal-1,ESA OSIP,European Space Agency,ESA OSIP,baccef527f7e65995108167caed601a1,3523813410390354408,Join the Science Definition Team (SDT) to help define the Exploration Science Payload for a proposed future Mars lander: MEDaL-1,OSIP Campaign,https://ideas.esa.int/core/servlet/hype/IMT?documentTableId=3523813410390354408&userAction=Browse&templateName=&documentId=baccef527f7e65995108167caed601a1,,2026-09-15,2026-09-10,2026-09-10,2026-09-10,1,no,Submission,RED - due <=7 days,5,2,science,Join the Science Definition Team (SDT) to help define the Exploration Science Payload for a proposed future Mars lander: MEDaL-1 Join the Science Definition Team (SDT) to help define the Exploration Science Payload for a proposed future Mars lander: MEDaL-1 9 Submissions Ends in 5 days Go to Campaign
esa osip|baccef527f7e65995108167caed601a1|3523813410393072843|https://ideas.esa.int/core/servlet/hype/imt?documenttableid=3523813410393072843&useraction=browse&templatename=&documentid=baccef527f7e65995108167caed601a1|join the science definition team (sdt) to help define the exploration science payload for a proposed future mars lander: medal-1,ESA OSIP,European Space Agency,ESA OSIP,baccef527f7e65995108167caed601a1,3523813410393072843,Join the Science Definition Team (SDT) to help define the Exploration Science Payload for a proposed future Mars lander: MEDaL-1,OSIP Campaign,https://ideas.esa.int/core/servlet/hype/IMT?documentTableId=3523813410393072843&userAction=Browse&templateName=&documentId=baccef527f7e65995108167caed601a1,,2026-09-15,2026-09-11,2026-09-11,2026-09-11,1,yes,Submission,RED - due <=7 days,4,2,science,Join the Science Definition Team (SDT) to help define the Exploration Science Payload for a proposed future Mars lander: MEDaL-1 Join the Science Definition Team (SDT) to help define the Exploration Science Payload for a proposed future Mars lander: MEDaL-1 10 Submissions Ends in 4 days Go to Campaign
esa osip|cb4b1147cabb63ed8df2a4a86aaa016d|3523813410390354408|https://ideas.esa.int/core/servlet/hype/imt?documenttableid=3523813410390354408&useraction=browse&templatename=&documentid=cb4b1147cabb63ed8df2a4a86aaa016d|esa strategic initiative on space-based data centres: request for information ahead of strategy forum,ESA OSIP,European Space Agency,ESA OSIP,cb4b1147cabb63ed8df2a4a86aaa016d,3523813410390354408,ESA Strategic Initiative on Space-Based Data Centres: Request for Information ahead of Strategy Forum,OSIP Campaign,https://ideas.esa.int/core/servlet/hype/IMT?documentTableId=3523813410390354408&userAction=Browse&templateName=&documentId=cb4b1147cabb63ed8df2a4a86aaa016d,,2026-09-25,2026-09-10,2026-09-10,2026-09-10,1,no,Submission,ORANGE - due <=21 days,15,6,"data, request for information, space-based data centres","ESA Strategic Initiative on Space-Based Data Centres: Request for Information ahead of Strategy Forum In preparation of the Strategy Forum (November 12-13, ESTEC) on Space-Based Data Centres (SBDC), this Request for Information (RFI) aims to collect stakeholders inputs that will directly inform the scenarios and discussion topics explored during the Forum. The deadline for input submissions is 25/09/2026, Time (23:59), CEST. 12 Submissions Ends in 2 weeks Go to Campaign"
esa osip|cb4b1147cabb63ed8df2a4a86aaa016d|3523813410393072843|https://ideas.esa.int/core/servlet/hype/imt?documenttableid=3523813410393072843&useraction=browse&templatename=&documentid=cb4b1147cabb63ed8df2a4a86aaa016d|esa strategic initiative on space-based data centres: request for information ahead of strategy forum,ESA OSIP,European Space Agency,ESA OSIP,cb4b1147cabb63ed8df2a4a86aaa016d,3523813410393072843,ESA Strategic Initiative on Space-Based Data Centres: Request for Information ahead of Strategy Forum,OSIP Campaign,https://ideas.esa.int/core/servlet/hype/IMT?documentTableId=3523813410393072843&userAction=Browse&templateName=&documentId=cb4b1147cabb63ed8df2a4a86aaa016d,,2026-09-25,2026-09-11,2026-09-11,2026-09-11,1,yes,Submission,ORANGE - due <=21 days,14,6,"data, request for information, space-based data centres","ESA Strategic Initiative on Space-Based Data Centres: Request for Information ahead of Strategy Forum In preparation of the Strategy Forum (November 12-13, ESTEC) on Space-Based Data Centres (SBDC), this Request for Information (RFI) aims to collect stakeholders inputs that will directly inform the scenarios and discussion topics explored during the Forum. The deadline for input submissions is 25/09/2026, Time (23:59), CEST. 12 Submissions Ends in 2 weeks Go to Campaign"
"esa osip|6a84624d8ba6b8bf23bff3f38f124e54|3523813410390354408|https://ideas.esa.int/core/servlet/hype/imt?documenttableid=3523813410390354408&useraction=browse&templatename=&documentid=6a84624d8ba6b8bf23bff3f38f124e54|announcement of opportunity for human research in concordia station, antarctica (ao-2026-concordia)",ESA OSIP,European Space Agency,ESA OSIP,6a84624d8ba6b8bf23bff3f38f124e54,3523813410390354408,"Announcement of Opportunity for Human Research in Concordia Station, Antarctica (AO-2026-Concordia)",OSIP Campaign,https://ideas.esa.int/core/servlet/hype/IMT?documentTableId=3523813410390354408&userAction=Browse&templateName=&documentId=6a84624d8ba6b8bf23bff3f38f124e54,,2026-11-09,2026-09-10,2026-09-10,2026-09-10,1,no,Submission,GREEN - due >45 days,60,2,research,"Announcement of Opportunity for Human Research in Concordia Station, Antarctica (AO-2026-Concordia) ESA, IPEV and PNRA are soliciting for biomedical and psychological experiments to be implemented in Concordia Station in Antarctica 4 Submissions Ends in 2 months Go to Campaign"
"esa osip|6a84624d8ba6b8bf23bff3f38f124e54|3523813410393072843|https://ideas.esa.int/core/servlet/hype/imt?documenttableid=3523813410393072843&useraction=browse&templatename=&documentid=6a84624d8ba6b8bf23bff3f38f124e54|announcement of opportunity for human research in concordia station, antarctica (ao-2026-concordia)",ESA OSIP,European Space Agency,ESA OSIP,6a84624d8ba6b8bf23bff3f38f124e54,3523813410393072843,"Announcement of Opportunity for Human Research in Concordia Station, Antarctica (AO-2026-Concordia)",OSIP Campaign,https://ideas.esa.int/core/servlet/hype/IMT?documentTableId=3523813410393072843&userAction=Browse&templateName=&documentId=6a84624d8ba6b8bf23bff3f38f124e54,,2026-11-10,2026-09-11,2026-09-11,2026-09-11,1,yes,Submission,GREEN - due >45 days,60,2,research,"Announcement of Opportunity for Human Research in Concordia Station, Antarctica (AO-2026-Concordia) ESA, IPEV and PNRA are soliciting for biomedical and psychological experiments to be implemented in Concordia Station in Antarctica 4 Submissions Ends in 2 months Go to Campaign"
esa osip|bc8bda98c5063690766d533370779552|3523813410390354408|https://ideas.esa.int/core/servlet/hype/imt?documenttableid=3523813410390354408&useraction=browse&templatename=&documentid=bc8bda98c5063690766d533370779552|bsgn agri-food accelerator open call,ESA OSIP,European Space Agency,ESA OSIP,bc8bda98c5063690766d533370779552,3523813410390354408,BSGN Agri-Food Accelerator Open Call,OSIP Campaign,https://ideas.esa.int/core/servlet/hype/IMT?documentTableId=3523813410390354408&userAction=Browse&templateName=&documentId=bc8bda98c5063690766d533370779552,,2027-01-08,2026-09-10,2026-09-10,2026-09-10,1,no,Submission,GREEN - due >45 days,120,12,"agri-food, agrifood, earth, open call, science","BSGN Agri-Food Accelerator Open Call 🌱 The Open Call for the ESA BSGN Agrifood Industry Accelerator is Now Open! 🚀Whether you're developing the next generation of food technologies, alternative proteins, sustainable packaging, precision fermentation, plant science or biotechnology, this is your chance to explore how microgravity can accelerate innovation 🛰️. Access expert support, business acceleration and ESA co-funding to transform bold ideas into commercial opportunities for Earth. 🌍 1 Submission Ends in 4 months Go to Campaign"
esa osip|bc8bda98c5063690766d533370779552|3523813410393072843|https://ideas.esa.int/core/servlet/hype/imt?documenttableid=3523813410393072843&useraction=browse&templatename=&documentid=bc8bda98c5063690766d533370779552|bsgn agri-food accelerator open call,ESA OSIP,European Space Agency,ESA OSIP,bc8bda98c5063690766d533370779552,3523813410393072843,BSGN Agri-Food Accelerator Open Call,OSIP Campaign,https://ideas.esa.int/core/servlet/hype/IMT?documentTableId=3523813410393072843&userAction=Browse&templateName=&documentId=bc8bda98c5063690766d533370779552,,2027-01-09,2026-09-11,2026-09-11,2026-09-11,1,yes,Submission,GREEN - due >45 days,120,12,"agri-food, agrifood, earth, open call, science","BSGN Agri-Food Accelerator Open Call 🌱 The Open Call for the ESA BSGN Agrifood Industry Accelerator is Now Open! 🚀Whether you're developing the next generation of food technologies, alternative proteins, sustainable packaging, precision fermentation, plant science or biotechnology, this is your chance to explore how microgravity can accelerate innovation 🛰️. Access expert support, business acceleration and ESA co-funding to transform bold ideas into commercial opportunities for Earth. 🌍 1 Submission Ends in 4 months Go to Campaign"
esa osip|348122ef3b562fab48fe3e3b4ef3e109|3523813410390354412|https://ideas.esa.int/core/servlet/hype/imt?documenttableid=3523813410390354412&useraction=browse&templatename=&documentid=348122ef3b562fab48fe3e3b4ef3e109|civil security from space programme - open call for proposals,ESA OSIP,European Space Agency,ESA OSIP,348122ef3b562fab48fe3e3b4ef3e109,3523813410390354412,Civil Security from Space programme - Open Call for Proposals,OSIP Channel,https://ideas.esa.int/core/servlet/hype/IMT?documentTableId=3523813410390354412&userAction=Browse&templateName=&documentId=348122ef3b562fab48fe3e3b4ef3e109,,,2026-09-10,2026-09-10,2026-09-10,1,no,Submission,BLUE - open channel/no fixed deadline,,6,"civil security, open call, security",Civil Security from Space programme - Open Call for Proposals Submit your ideas (Outline Proposals) for activities in response to the permanent Open Call for Proposals for the Civil Security from Space Programme 17 Submissions
esa osip|348122ef3b562fab48fe3e3b4ef3e109|3523813410393072847|https://ideas.esa.int/core/servlet/hype/imt?documenttableid=3523813410393072847&useraction=browse&templatename=&documentid=348122ef3b562fab48fe3e3b4ef3e109|civil security from space programme - open call for proposals,ESA OSIP,European Space Agency,ESA OSIP,348122ef3b562fab48fe3e3b4ef3e109,3523813410393072847,Civil Security from Space programme - Open Call for Proposals,OSIP Channel,https://ideas.esa.int/core/servlet/hype/IMT?documentTableId=3523813410393072847&userAction=Browse&templateName=&documentId=348122ef3b562fab48fe3e3b4ef3e109,,,2026-09-11,2026-09-11,2026-09-11,1,yes,Submission,BLUE - open channel/no fixed deadline,,6,"civil security, open call, security",Civil Security from Space programme - Open Call for Proposals Submit your ideas (Outline Proposals) for activities in response to the permanent Open Call for Proposals for the Civil Security from Space Programme 17 Submissions
esa osip|b538d683877079706fb1088220876218|3523813410390354412|https://ideas.esa.int/core/servlet/hype/imt?documenttableid=3523813410390354412&useraction=browse&templatename=&documentid=b538d683877079706fb1088220876218|future pnt demonstrators: call for ideas,ESA OSIP,European Space Agency,ESA PNT / OSIP,b538d683877079706fb1088220876218,3523813410390354412,Future PNT Demonstrators: Call for Ideas,OSIP Channel,https://ideas.esa.int/core/servlet/hype/IMT?documentTableId=3523813410390354412&userAction=Browse&templateName=&documentId=b538d683877079706fb1088220876218,,,2026-09-10,2026-09-10,2026-09-10,1,no,Submission,BLUE - open channel/no fixed deadline,,12,"call for ideas, earth, open call, pnt, research, satellite","Future PNT Demonstrators: Call for Ideas Want to help shaping the future of Satellite Navigation? We want to hear YOUR ideas! ESA is issuing this open call for ideas on Future Navigation Demonstrators to transform Positioning, Navigation and Timing (PNT) capabilities on Earth, Moon, Mars and beyond. Anyone is encouraged to submit ideas from research institutes and companies to any entities interested. This is a permanent open call and ideas can be submitted any time. Consolidation & selection process is conducted periodically. Ideas submitted prior to 30th September 2026 may be considered in the upcoming process. 8 Submissions"
esa osip|b538d683877079706fb1088220876218|3523813410393072847|https://ideas.esa.int/core/servlet/hype/imt?documenttableid=3523813410393072847&useraction=browse&templatename=&documentid=b538d683877079706fb1088220876218|future pnt demonstrators: call for ideas,ESA OSIP,European Space Agency,ESA PNT / OSIP,b538d683877079706fb1088220876218,3523813410393072847,Future PNT Demonstrators: Call for Ideas,OSIP Channel,https://ideas.esa.int/core/servlet/hype/IMT?documentTableId=3523813410393072847&userAction=Browse&templateName=&documentId=b538d683877079706fb1088220876218,,,2026-09-11,2026-09-11,2026-09-11,1,yes,Submission,BLUE - open channel/no fixed deadline,,12,"call for ideas, earth, open call, pnt, research, satellite","Future PNT Demonstrators: Call for Ideas Want to help shaping the future of Satellite Navigation? We want to hear YOUR ideas! ESA is issuing this open call for ideas on Future Navigation Demonstrators to transform Positioning, Navigation and Timing (PNT) capabilities on Earth, Moon, Mars and beyond. Anyone is encouraged to submit ideas from research institutes and companies to any entities interested. This is a permanent open call and ideas can be submitted any time. Consolidation & selection process is conducted periodically. Ideas submitted prior to 30th September 2026 may be considered in the upcoming process. 12 Submissions"
esa osip|5e08d5c5e7528221c047d0ce2ffc9c7c|3523813410390354412|https://ideas.esa.int/core/servlet/hype/imt?documenttableid=3523813410390354412&useraction=browse&templatename=&documentid=5e08d5c5e7528221c047d0ce2ffc9c7c|navisp element 3: support member states,ESA OSIP,European Space Agency,ESA PNT / OSIP,5e08d5c5e7528221c047d0ce2ffc9c7c,3523813410390354412,NAVISP Element 3: Support Member States,OSIP Channel,https://ideas.esa.int/core/servlet/hype/IMT?documentTableId=3523813410390354412&userAction=Browse&templateName=&documentId=5e08d5c5e7528221c047d0ce2ffc9c7c,,,2026-09-10,2026-09-10,2026-09-10,1,no,Open / check source,BLUE - open channel/no fixed deadline,,6,"data, pnt, research","NAVISP Element 3: Support Member States The Agency is calling on industry, research institutions and public authorities to submit their ideas to support, innovate and accelerate the use of positioning, navigation and timing (PNT) data in various national strategies. 40 Submissions"
esa osip|5e08d5c5e7528221c047d0ce2ffc9c7c|3523813410393072847|https://ideas.esa.int/core/servlet/hype/imt?documenttableid=3523813410393072847&useraction=browse&templatename=&documentid=5e08d5c5e7528221c047d0ce2ffc9c7c|navisp element 3: support member states,ESA OSIP,European Space Agency,ESA PNT / OSIP,5e08d5c5e7528221c047d0ce2ffc9c7c,3523813410393072847,NAVISP Element 3: Support Member States,OSIP Channel,https://ideas.esa.int/core/servlet/hype/IMT?documentTableId=3523813410393072847&userAction=Browse&templateName=&documentId=5e08d5c5e7528221c047d0ce2ffc9c7c,,,2026-09-11,2026-09-11,2026-09-11,1,yes,Open / check source,BLUE - open channel/no fixed deadline,,6,"data, pnt, research","NAVISP Element 3: Support Member States The Agency is calling on industry, research institutions and public authorities to submit their ideas to support, innovate and accelerate the use of positioning, navigation and timing (PNT) data in various national strategies. 40 Submissions"
esa osip|747bfd71b9e0c073783eb1b67ba0116e|3523813410390354408|https://ideas.esa.int/core/servlet/hype/imt?documenttableid=3523813410390354408&useraction=browse&templatename=&documentid=747bfd71b9e0c073783eb1b67ba0116e|sustainability × space: identifying technological conundrums worth solving,ESA OSIP,European Space Agency,ESA OSIP,747bfd71b9e0c073783eb1b67ba0116e,3523813410390354408,Sustainability × Space: Identifying Technological Conundrums Worth Solving,OSIP Campaign,https://ideas.esa.int/core/servlet/hype/IMT?documentTableId=3523813410390354408&userAction=Browse&templateName=&documentId=747bfd71b9e0c073783eb1b67ba0116e,,,2026-09-10,2026-09-10,2026-09-10,1,no,Submission,BLUE - open channel/no fixed deadline,,6,"data, research, sustainability","Sustainability × Space: Identifying Technological Conundrums Worth Solving In collaboration with ESA, the Phi-Lab at ESA’s European Space Deep-Tech Innovation Centre is calling for ideas (not research proposals) for technological challenges or “conundrums” at the intersection of space and sustainability, with a particular emphasis on technology convergence by combining the deep-tech areas Quantum, Materials, and Data. In this call, convergence is specifically understood as the integration of technologies with the potential to unlock new commercially viable systems or services, not just technical co-evolution. Submissions should identify technological conundrums that act as critical bottlenecks to the emergence of commercially viable capabilities based on such technology convergence. A strong submission clearly indicates a plausible context of use, the type of commercial service or system"
esa osip|747bfd71b9e0c073783eb1b67ba0116e|3523813410393072843|https://ideas.esa.int/core/servlet/hype/imt?documenttableid=3523813410393072843&useraction=browse&templatename=&documentid=747bfd71b9e0c073783eb1b67ba0116e|sustainability × space: identifying technological conundrums worth solving,ESA OSIP,European Space Agency,ESA OSIP,747bfd71b9e0c073783eb1b67ba0116e,3523813410393072843,Sustainability × Space: Identifying Technological Conundrums Worth Solving,OSIP Campaign,https://ideas.esa.int/core/servlet/hype/IMT?documentTableId=3523813410393072843&userAction=Browse&templateName=&documentId=747bfd71b9e0c073783eb1b67ba0116e,,,2026-09-11,2026-09-11,2026-09-11,1,yes,Submission,BLUE - open channel/no fixed deadline,,6,"data, research, sustainability","Sustainability × Space: Identifying Technological Conundrums Worth Solving In collaboration with ESA, the Phi-Lab at ESA’s European Space Deep-Tech Innovation Centre is calling for ideas (not research proposals) for technological challenges or “conundrums” at the intersection of space and sustainability, with a particular emphasis on technology convergence by combining the deep-tech areas Quantum, Materials, and Data. In this call, convergence is specifically understood as the integration of technologies with the potential to unlock new commercially viable systems or services, not just technical co-evolution. Submissions should identify technological conundrums that act as critical bottlenecks to the emergence of commercially viable capabilities based on such technology convergence. A strong submission clearly indicates a plausible context of use, the type of commercial service or system"
esa osip|46964afd40f942cec732691cab63bcd6|3523813410390354408|https://ideas.esa.int/core/servlet/hype/imt?documenttableid=3523813410390354408&useraction=browse&templatename=&documentid=46964afd40f942cec732691cab63bcd6|sysnova campaign on fast asteroid reconnaissance mission concepts,ESA OSIP,European Space Agency,ESA OSIP,46964afd40f942cec732691cab63bcd6,3523813410390354408,Sysnova Campaign on Fast Asteroid Reconnaissance Mission concepts,OSIP Campaign,https://ideas.esa.int/core/servlet/hype/IMT?documentTableId=3523813410390354408&userAction=Browse&templateName=&documentId=46964afd40f942cec732691cab63bcd6,,,2026-09-10,2026-09-10,2026-09-10,1,no,Submission,BLUE - open channel/no fixed deadline,,3,"earth, research","Sysnova Campaign on Fast Asteroid Reconnaissance Mission concepts ESA is challenging industry and research communities to rethink asteroid reconnaissance: smaller spacecraft, faster implementation, lower cost, and mission architectures designed for repeatable planetary defence response. The goal is to move from one-off deep-space missions towards a flexible capability that can be launched quickly when Earth needs it most. 13 Submissions Ends in 6 hours Go to Campaign"
esa osip|46964afd40f942cec732691cab63bcd6|3523813410393072843|https://ideas.esa.int/core/servlet/hype/imt?documenttableid=3523813410393072843&useraction=browse&templatename=&documentid=46964afd40f942cec732691cab63bcd6|sysnova campaign on fast asteroid reconnaissance mission concepts,ESA OSIP,European Space Agency,ESA OSIP,46964afd40f942cec732691cab63bcd6,3523813410393072843,Sysnova Campaign on Fast Asteroid Reconnaissance Mission concepts,OSIP Campaign,https://ideas.esa.int/core/servlet/hype/IMT?documentTableId=3523813410393072843&userAction=Browse&templateName=&documentId=46964afd40f942cec732691cab63bcd6,,,2026-09-11,2026-09-11,2026-09-11,1,yes,Submission,BLUE - open channel/no fixed deadline,,3,"earth, research","Sysnova Campaign on Fast Asteroid Reconnaissance Mission concepts ESA is challenging industry and research communities to rethink asteroid reconnaissance: smaller spacecraft, faster implementation, lower cost, and mission architectures designed for repeatable planetary defence response. The goal is to move from one-off deep-space missions towards a flexible capability that can be launched quickly when Earth needs it most. 19 Submissions Go to Campaign"
esa osip|ea0e1fd289bd5f4f9a47138cc6791b2e|3523813410390354412|https://ideas.esa.int/core/servlet/hype/imt?documenttableid=3523813410390354412&useraction=browse&templatename=&documentid=ea0e1fd289bd5f4f9a47138cc6791b2e|visiting researchers – access to esa labs and expertise for your research projects,ESA OSIP,European Space Agency,ESA OSIP,ea0e1fd289bd5f4f9a47138cc6791b2e,3523813410390354412,Visiting researchers – access to ESA labs and expertise for your research projects,OSIP Channel,https://ideas.esa.int/core/servlet/hype/IMT?documentTableId=3523813410390354412&userAction=Browse&templateName=&documentId=ea0e1fd289bd5f4f9a47138cc6791b2e,,,2026-09-10,2026-09-10,2026-09-10,1,no,Open / check source,BLUE - open channel/no fixed deadline,,2,research,Visiting researchers – access to ESA labs and expertise for your research projects Do you have a funded research project and think that you might benefit from ESA labs and/or expertise by joining as a visiting researcher? Submit your project here! 76 Submissions
esa osip|ea0e1fd289bd5f4f9a47138cc6791b2e|3523813410393072847|https://ideas.esa.int/core/servlet/hype/imt?documenttableid=3523813410393072847&useraction=browse&templatename=&documentid=ea0e1fd289bd5f4f9a47138cc6791b2e|visiting researchers – access to esa labs and expertise for your research projects,ESA OSIP,European Space Agency,ESA OSIP,ea0e1fd289bd5f4f9a47138cc6791b2e,3523813410393072847,Visiting researchers – access to ESA labs and expertise for your research projects,OSIP Channel,https://ideas.esa.int/core/servlet/hype/IMT?documentTableId=3523813410393072847&userAction=Browse&templateName=&documentId=ea0e1fd289bd5f4f9a47138cc6791b2e,,,2026-09-11,2026-09-11,2026-09-11,1,yes,Open / check source,BLUE - open channel/no fixed deadline,,2,research,Visiting researchers – access to ESA labs and expertise for your research projects Do you have a funded research project and think that you might benefit from ESA labs and/or expertise by joining as a visiting researcher? Submit your project here! 76 Submissions
esa-star|1-13533|187334|https://esastar-publication-ext.sso.esa.int/esatenderactions/details/187334|a physically-based multi-timescale modelling framework of dynamic vegetation signals for sar - expro plus,ESA-star,ESA,,1-13533,187334,A PHYSICALLY-BASED MULTI-TIMESCALE MODELLING FRAMEWORK OF DYNAMIC VEGETATION SIGNALS FOR SAR - EXPRO PLUS,Open Competition,https://esastar-publication-ext.sso.esa.int/ESATenderActions/details/187334,2026-07-16,2026-09-17,2026-09-10,2026-09-11,2026-09-10;2026-09-11,2,yes,Issued,RED - due <=7 days,6,2,"sar, validation","The objective of this activity is to develop a physically-based framework that describes and simulates the temporal variation and fluctuations of the scattered SAR signal induced by vegetation. To achieve this, the Contractor shall define such framework and its architecture, along with the necessary interfaces, the different components, and the expected inputs and outputs, focusing on representing the scattering of SAR signals by vegetated land surfaces. The framework shall be modular and applicable to a wide range of present and future missions and scenarios, and shall allow the use and intercomparison of different modelling approaches. It shall be designed to:1. cover multiple frequencies"
esa-star|1-13529|187386|https://esastar-publication-ext.sso.esa.int/esatenderactions/details/187386|ai-powered autonomous satellites for threat detection and mitigation (artes 4.0 spl 4s 3d.038) - expro+,ESA-star,ESA,,1-13529,187386,AI-POWERED AUTONOMOUS SATELLITES FOR THREAT DETECTION AND MITIGATION (ARTES 4.0 SPL 4S 3D.038) - EXPRO+,Open Competition,https://esastar-publication-ext.sso.esa.int/ESATenderActions/details/187386,2026-07-06,2026-09-18,2026-09-10,2026-09-11,2026-09-10;2026-09-11,2,yes,Issued,RED - due <=7 days,7,9,"ai, autonomous, edge, satellite, security, validation","Objective: The objective is to develop and validate an AI-powered autonomous satellite system capable of real-time threat detectionand mitigation targeting LEO constellations. This will reducereliance on ground-based monitoring and improve resilience in satellite operations.TargetedImprovements: - 50% improvement in real-time threat detection latency / delay over ground-based solutions.-60% reduction in response time using AI-initiated autonomous countermeasures.- Development of a simulator for cyber, RF and physical attacks, enabling validation of AI-based countermeasure/mitigation solutionsintroducing a novel capability in ESA MS.Description: Current satellite security solutions depend on"
esa-star|1-13542|187349|https://esastar-publication-ext.sso.esa.int/esatenderactions/details/187349|navisp-el1-124-optimisation of pvt engines for leo measurement diversity - expro+,ESA-star,ESA,,1-13542,187349,NAVISP-EL1-124-OPTIMISATION OF PVT ENGINES FOR LEO MEASUREMENT DIVERSITY - EXPRO+,Open Competition,https://esastar-publication-ext.sso.esa.int/ESATenderActions/details/187349,2026-07-06,2026-09-22,2026-09-10,2026-09-11,2026-09-10;2026-09-11,2,yes,Issued,ORANGE - due <=14 days,11,2,ai,"This activity focuses on designing and optimizing Position, Velocity, and Time (PVT) engines specifically for LEO-based PNT systems. It aims to exploit the unique measurement diversity offered by LEO satellites, such as multipath whitening, Doppler utilization, and rapid LOS/NLOS transitions. Two approaches will be developed and compared: a conventional Kalman filter-based design and an AI/ML-based design to handle unexpected LEO measurement behaviours. The study will include state-of-the-art review, algorithm development, and benchmarking against traditional MEO GNSS-based engines. Field measurement campaigns will validate performance and inform a roadmap for commercialization. For more inf"
esa-star|1-13468|187965|https://esastar-publication-ext.sso.esa.int/esatenderactions/details/187965|h2.2/2022/005 - s5p-frm4doas central processing,ESA-star,ESA,,1-13468,187965,H2.2/2022/005 - S5P-FRM4DOAS CENTRAL PROCESSING,Open Competition,https://esastar-publication-ext.sso.esa.int/ESATenderActions/details/187965,2026-07-17,2026-09-24,2026-09-10,2026-09-11,2026-09-10;2026-09-11,2,yes,Issued,ORANGE - due <=14 days,13,8,"air quality, processing, quality, remote sensing, satellite, validation","MAX-DOAS spectrometers are ground-based remote sensing instruments operating in the UV-visible spectral range and widely used for air quality observations.Through dedicated ESA activities, MAX-DOAS has been incorporated into the Fiducial Reference Measurements (FRM) framework, with the aim of harmonising instrumentation and data processing. This has led to the definition of best practices for instrument operation and the development of a prototype centralised processing system capable of delivering near-real-time data. This system was successfully demonstrated in the FRM4DOAS project.For routine satellite validation, such as for Sentinel-5 Precursor, timely and operational access to high-qua"
esa-star|1-13553|187954|https://esastar-publication-ext.sso.esa.int/esatenderactions/details/187954|adha software architecture - expro+,ESA-star,ESA,,1-13553,187954,ADHA SOFTWARE ARCHITECTURE - EXPRO+,Open Competition,https://esastar-publication-ext.sso.esa.int/ESATenderActions/details/187954,2026-07-30,2026-09-25,2026-09-10,2026-09-11,2026-09-10;2026-09-11,2,yes,Issued,ORANGE - due <=14 days,14,3,"on-board, satellite","Objective: To develop a complete Software product portfolio of building blocks facilitating the integration of ADHA platforms in Mid-size LEO satellite platforms.Description: The Advanced Data Handling Architecture (ADHA) has been developed as a set of hardware components with standardized communication interfaces. Previous work has focused on the hardware aspects, but the current situation highlights the need for a robust software stack to support ADHA in space missions, in particular mid-sized LEO satellites. The main concern is to ensure that enough software components are ready for use in flight and developed using modern, modular techniques to enhance compatibility and performance. This"
esa-star|1-13578|189172|https://esastar-publication-ext.sso.esa.int/esatenderactions/details/189172|navisp el1-120 resilient pnt critical national infrastructure validation test bench - expro+,ESA-star,ESA,,1-13578,189172,NAVISP EL1-120 RESILIENT PNT CRITICAL NATIONAL INFRASTRUCTURE VALIDATION TEST BENCH - EXPRO+,Open Competition,https://esastar-publication-ext.sso.esa.int/ESATenderActions/details/189172,2026-07-29,2026-09-25,2026-09-10,2026-09-11,2026-09-10;2026-09-11,2,yes,Issued,ORANGE - due <=14 days,14,4,"learning, training, validation","This activity aims to develop a validation test bench for assessing resilience of PNT systems integrated into Critical National Infrastructure (CNI). It will survey typical CNIs and define use cases involving GNSS-based timing and positioning. The test bench willinject signal impairments, including jamming and spoofing, and measure performance impacts. Additional outputs include a machine-learning training database for interference detection, independent FTA/FMECA analyses, and a searchable Lessons Learned database. The goal is to enable CNI operators to prepare for, act during, and recover from PNT disruptions. For more info, visit https://navisp.esa.int/opportunity"
esa-star|1-13500|187379|https://esastar-publication-ext.sso.esa.int/esatenderactions/details/187379|hydron resilience: security aspects of networks interoperability (artes 4.0 sl spl 3a.240) expro+,ESA-star,ESA,,1-13500,187379,HYDRON RESILIENCE: SECURITY ASPECTS OF NETWORKS INTEROPERABILITY (ARTES 4.0 SL SPL 3A.240) EXPRO+,Open Competition,https://esastar-publication-ext.sso.esa.int/ESATenderActions/details/187379,2026-05-29,2026-09-30,2026-09-10,2026-09-11,2026-09-10;2026-09-11,2,yes,Issued,AMBER - due <=30 days,19,5,"civil security, earth observation, security","Objective:The objective of this study is to assess the feasibility of applying Common Criteria framework (or equivalent) to guarantee compatible security mechanisms with HydRON (High-throughput Optical Network).Targeted Improvements:To achieve security interoperability of HydRON with other networks with a clear protection profile definition in line with international standards.Description:Multiple constellations are expected to be developed in the coming years, addressing different applications, like navigation, Earth Observation and communications as well as defence. Each constellation will be optimized for the target application, in terms of technologies, coverage, but also security functi"
esa-star|1-13503|187357|https://esastar-publication-ext.sso.esa.int/esatenderactions/details/187357|quantum-enabled pnt demonstrator phases 0/a/b1,ESA-star,ESA,,1-13503,187357,QUANTUM-ENABLED PNT DEMONSTRATOR PHASES 0/A/B1,Open Competition,https://esastar-publication-ext.sso.esa.int/ESATenderActions/details/187357,2026-05-27,2026-09-30,2026-09-10,2026-09-11,2026-09-10;2026-09-11,2,yes,Issued,AMBER - due <=30 days,19,3,"onboard, processing","This activity aims to prepare a future in-orbit demonstrator of novel Positioning, Navigation and Timing (PNT) concepts based on quantum technologies. The study will investigate the integration of quantum inertial sensors, advanced timing techniques, including optical clocks, and hybrid navigation architectures combining quantum and classical sensors.Emphasis will be placed on system resilience, autonomy and GNSS-independent navigation including applications in Earth orbit and beyond. The activity will include system-level definition, performance assessment and critical pre-developments, including sensor fusion and onboard processing techniques.The objective is to mature concepts and associa"
esa-star|1-13532|187330|https://esastar-publication-ext.sso.esa.int/esatenderactions/details/187330|aurion advancing understanding through research and industry-oriented co-design of new missions - expro plus,ESA-star,ESA,,1-13532,187330,AURION ADVANCING UNDERSTANDING THROUGH RESEARCH AND INDUSTRY-ORIENTED CO-DESIGN OF NEW MISSIONS - EXPRO PLUS,Open Competition,https://esastar-publication-ext.sso.esa.int/ESATenderActions/details/187330,2026-07-02,2026-10-01,2026-09-10,2026-09-11,2026-09-10;2026-09-11,2,yes,Issued,AMBER - due <=30 days,20,3,"earth observation, processing","AURION aims to establish a structured pre-Phase-0 co-design environment in which scientific ambition and industrial feasibility aredeveloped concurrently to define credible, innovative Earth Observation mission concepts.The activity targets mission concepts at SRL =3 that have not previously been assessed within ESA, and enables their maturation through joint science-industry system-level design, including early assessment of technical feasibility, cost drivers, and programmatic viability.AURION studies are characterised by:Joint science-industry leadership (mandatory co-design) Concurrent SRL and TRL maturationFocus on novel mission concepts, not incremental extensions Early integration of"
esa-star|1-13613|190753|https://esastar-publication-ext.sso.esa.int/esatenderactions/details/190753|establishment of a greenhouse gas emissions baseline for the european space sector - expro+,ESA-star,ESA,,1-13613,190753,ESTABLISHMENT OF A GREENHOUSE GAS EMISSIONS BASELINE FOR THE EUROPEAN SPACE SECTOR - EXPRO+,Open Competition,https://esastar-publication-ext.sso.esa.int/ESATenderActions/details/190753,2026-09-03,2026-10-05,2026-09-10,2026-09-11,2026-09-10;2026-09-11,2,yes,Issued,AMBER - due <=30 days,24,3,greenhouse gas,"The aim of this activity is to establish a robust and validated greenhouse gas emissions baseline for the European space sector in support of ESA's broader decarbonisation roadmap. The work includes defining the sector scope and system boundaries, developing a harmonised accounting methodology, collecting and consolidating data from relevant stakeholders, quantifying emissions for a referenceyear, validating results, and preparing outputs that can directly inform future decarbonisation actions, target-setting, and strategic decision-making across the sector."
esa-star|1-13684|193754|https://esastar-publication-ext.sso.esa.int/esatenderactions/details/193754|teaching material about measurement control command (mcc) system - expro+,ESA-star,ESA,,1-13684,193754,TEACHING MATERIAL ABOUT MEASUREMENT CONTROL COMMAND (MCC) SYSTEM - EXPRO+,Open Competition,https://esastar-publication-ext.sso.esa.int/ESATenderActions/details/193754,2026-09-09,2026-10-07,2026-09-10,2026-09-11,2026-09-10;2026-09-11,2,yes,Issued,AMBER - due <=30 days,26,2,training,"The objective of this activity is to consolidate the knowledge related to the current MCC architecture, functions and operational principles into structured technical documentation and training material suitable for engineers, newcomers and future development activities.It is answering to a request initiated by a Test Bench Operator Workshop, from the ESA Test Bench Operators but also other test bench operators"
esa-star|1-13617|190745|https://esastar-publication-ext.sso.esa.int/esatenderactions/details/190745|impact-10: scientific and socio-economic impact assessment of early earth observation science activities- expro plus,ESA-star,ESA,,1-13617,190745,IMPACT-10: SCIENTIFIC AND SOCIO-ECONOMIC IMPACT ASSESSMENT OF EARLY EARTH OBSERVATION SCIENCE ACTIVITIES- EXPRO PLUS,Open Competition,https://esastar-publication-ext.sso.esa.int/ESATenderActions/details/190745,2026-07-30,2026-10-14,2026-09-10,2026-09-11,2026-09-10;2026-09-11,2,yes,Issued,GREEN - due >30 days,33,3,"earth observation, eo","IMPACT 10 is an ESA Earth Observation activity aimed at assessing and demonstrating the scientific and socio economic value generated by selected activities of the Earth and Mission Science Division (EOP SM). It focuses on scientific studies, mission science contributions, and programme enabling work supporting future EO missions. It also covers a new branch of ""Future Science"" activities. Within EOP SM, ""Future Science"" refers to forward looking science studies aligned with the ESA EO Science Strategy. These studies are designed to address fundamental Earth system science gaps that are not covered by current or planned missions. They therefore go beyond the scope of existing Science Plans a"
esa-star|1-13616|190264|https://esastar-publication-ext.sso.esa.int/esatenderactions/details/190264|egv-pilot: geodetic foundations for future earth observation - expro plus,ESA-star,ESA,,1-13616,190264,EGV-PILOT: GEODETIC FOUNDATIONS FOR FUTURE EARTH OBSERVATION - EXPRO PLUS,Open Competition,https://esastar-publication-ext.sso.esa.int/ESATenderActions/details/190264,2026-07-31,2026-10-15,2026-09-10,2026-09-11,2026-09-10;2026-09-11,2,yes,Issued,GREEN - due >30 days,34,6,"earth observation, eo, futureeo","EGV Pilot is an ESA pilot study aimed at structuring, mapping and assessing the geodetic foundations required to support future Earth Observation missions and Earth system science. The activity focuses on the role of geodetic observations and products as foundational enablers for Earth system monitoring, mission preparation, and the generation of long term geodetic data records. It builds on internationally coordinated developments on Essential Geodetic Variables (EGVs), in particular within GGOS and IAG, and translates these advances into an ESA-relevant framework aligned with the Earth Observation Science Strategy (EOSS), FutureEO missions, and other ESA programmatic elements. The study wi"
esa-star|1-13648|192543|https://esastar-publication-ext.sso.esa.int/esatenderactions/details/192543|sadrr1: user engagement and capacity building,ESA-star,ESA,,1-13648,192543,SADRR1: USER ENGAGEMENT AND CAPACITY BUILDING,Open Competition,https://esastar-publication-ext.sso.esa.int/ESATenderActions/details/192543,2026-09-02,2026-10-15,2026-09-10,2026-09-11,2026-09-10;2026-09-11,2,yes,Issued,GREEN - due >30 days,34,7,"capacity building, disaster, earth observation, eo","This tender covers stakeholder and user engagement, coordination, requirements consolidation, communication and capacity building relating to the development of Earth Observation (EO) services for climate change adaptation and disaster risk reduction in Bangladesh, Bhutan, India, the Maldives, Nepal, Pakistan and Sri Lanka. It is one of two tenders being implemented as part of the 'Support toDisaster Risk Reduction through Earth Observation and Climate Services in South Asia' (SADRR) initiative (2026-2029), which is being carried out in partnership with the Coalition for Disaster Resilient Infrastructure (CDRI), and funded by the Directorate-General for International Partnerships (DG INTPA)"
esa-star|1-13650|192542|https://esastar-publication-ext.sso.esa.int/esatenderactions/details/192542|sadrr2: eo product and framework development,ESA-star,ESA,,1-13650,192542,SADRR2: EO PRODUCT AND FRAMEWORK DEVELOPMENT,Open Competition,https://esastar-publication-ext.sso.esa.int/ESATenderActions/details/192542,2026-09-02,2026-10-15,2026-09-10,2026-09-11,2026-09-10;2026-09-11,2,yes,Issued,GREEN - due >30 days,34,5,"disaster, earth observation, eo","This tender covers the development of products and frameworks for users and stakeholders of Earth Observation (EO) services for climate change adaptation and disaster risk reduction in Bangladesh, Bhutan, India, the Maldives, Nepal, Pakistan and Sri Lanka. This tender is one of two being implemented as part of the 'Support to Disaster Risk Reduction through Earth Observation and Climate Services in South Asia' (SADRR) initiative (2026-2029). The initiative is being carried out in partnership with the Coalition for Disaster Resilient Infrastructure (CDRI) and is funded by the Directorate-General for International Partnerships (DG INTPA) as part of the Global Gateway initiative."
esa-star|1-13657|192547|https://esastar-publication-ext.sso.esa.int/esatenderactions/details/192547|strategic advocacy facility,ESA-star,ESA,,1-13657,192547,STRATEGIC ADVOCACY FACILITY,Open Competition,https://esastar-publication-ext.sso.esa.int/ESATenderActions/details/192547,2026-09-10,2026-10-23,2026-09-10,2026-09-11,2026-09-10;2026-09-11,2,yes,Issued,GREEN - due >30 days,42,6,"earth action, eo, learning","The Strategic Advocacy Facility is a strategic Action Readiness instrument within ESA's Earth Action framework that enables the translation of EO innovation, science and applications into sustained operational uptake and impact, particularly within the impact finance ecosystem of International Financial Institutions, climate and environmental funds, and developing-country stakeholders. The Facility combines programme-level impact measurement and evidence generation, strategic partnership engagement, institutional advisorysupport, country-level uptake assessment, strategic intelligence, advocacy and communication within a single integrated framework. Building on the legacy and assets of the G"
esa-star|1-13661|192610|https://esastar-publication-ext.sso.esa.int/esatenderactions/details/192610|project management controlling academy - expro plus,ESA-star,ESA,,1-13661,192610,PROJECT MANAGEMENT CONTROLLING ACADEMY - EXPRO PLUS,Open Competition,https://esastar-publication-ext.sso.esa.int/ESATenderActions/details/192610,2026-09-02,2026-10-28,2026-09-10,2026-09-11,2026-09-10;2026-09-11,2,yes,Issued,GREEN - due >30 days,47,4,"learning, quality, training","The purpose of this Invitation to Tender (ITT) is to procure support services for the implementation of the PMC Academy covering training development, ramp-up and release activities, initial operational support, and hand-over of the Academy to an operating entity designated by ESA. Therefore, the Contractor shall support ESA in achieveing the following objectives:Developing and maintaining high-quality training programmes and associated learning material in accordance with the Academy framework established by ESA;Supporting the implementation of the Academy through a phased and wave-based deployment approach;Providing training coordination, administration, logistics and operational support f"
esa-star|1-13545|187367|https://esastar-publication-ext.sso.esa.int/esatenderactions/details/187367|stepping stone mission definition study,ESA-star,ESA,,1-13545,187367,STEPPING STONE MISSION DEFINITION STUDY,Open Competition,https://esastar-publication-ext.sso.esa.int/ESATenderActions/details/187367,2026-07-21,2026-10-30,2026-09-10,2026-09-11,2026-09-10;2026-09-11,2,yes,Issued,GREEN - due >30 days,49,5,"earth observation, eo, quality, validation","Stepping Stone Missions are a new class of user driven Earth Observation missions designed to address gaps in the current EO ecosystem by delivering quality certified data and services tailored to environmental policy needs at European and global level. They build on and complement existing reference missions and infrastructures, while targeting observation domains and sampling requirements not adequately covered today. A key characteristic is their service oriented and commercially minded nature: missions are conceived from the outset to enable operational services, foster downstream applications, and evolve into scalable, privately operated constellations once their performance and utility"
esa-star|5-50187|186383|https://esastar-publication-ext.sso.esa.int/esatenderactions/details/186383|advancing sectoral emissions monitoring fcp - fixed call for proposals,ESA-star,ESA,,5-50187,186383,ADVANCING SECTORAL EMISSIONS MONITORING FCP - FIXED CALL FOR PROPOSALS,Call for Proposals,https://esastar-publication-ext.sso.esa.int/ESATenderActions/details/186383,,,2026-09-10,2026-09-11,2026-09-10;2026-09-11,2,yes,Intended,BLUE - monitor/no deadline,,23,"ch4, emission monitoring, emissions monitoring, eo, greenhouse gas, methane, sectoral emissions","The Advancing Sectoral Emission Monitoring is a Fixed Call for Proposal for RD projects advancing the detection and quantificationof greenhouse gas (CH4, CO2 or other species with a radiative forcing effect) and air pollutants emissions for specific sectors. Targeted sectors are defined as in international and European policies (IPCC Guidelines for National Greenhouse Gas Inventories, EU-ETS, CBAM, main sectors contributing to global methane emissions, Industrial Emissions Portal Regulation, ...). The activity will alsovelop complementary sector-specific information such as activity data to produce EO-based policy-relevant information. The activityforesees the direct involvement of relevant"
esa-star|1-13597|190758|https://esastar-publication-ext.sso.esa.int/esatenderactions/details/190758|copernicus flight operations support service,ESA-star,ESA,,1-13597,190758,COPERNICUS FLIGHT OPERATIONS SUPPORT SERVICE,Open Competition,https://esastar-publication-ext.sso.esa.int/ESATenderActions/details/190758,,,2026-09-10,2026-09-11,2026-09-10;2026-09-11,2,yes,Intended,BLUE - monitor/no deadline,,3,"Copernicus, onboard","This procurement covers the provision of Flight Operations Support Services for Copernicus missions operated by ESOC for the period2027-2032. The scope includes the support to all activities required for the preparation and execution of flight operations, such as routine operations, LEOP, commissioning, and end-of-life/deorbiting. It encompasses all key technical disciplines needed to ensuresafe and reliable operations.The service shall ensure continuity with the current contract through a structured phase-in, enabling a progressive ramp-up to full operational readiness. The service shall deliver the agility required to onboard the new Copernicus Expansion missions entrusted to ESOC while ma"
esa-star|1-13656|192546|https://esastar-publication-ext.sso.esa.int/esatenderactions/details/192546|ers-eo proof of concept to support enhanced protection of critical infrastructure,ESA-star,ESA,,1-13656,192546,ERS-EO PROOF OF CONCEPT TO SUPPORT ENHANCED PROTECTION OF CRITICAL INFRASTRUCTURE,Open Competition,https://esastar-publication-ext.sso.esa.int/ESATenderActions/details/192546,,,2026-09-10,2026-09-11,2026-09-10;2026-09-11,2,yes,Intended,BLUE - monitor/no deadline,,7,"critical infrastructure, earth observation, eo, satellite","ERS-EO Proof of Concept on Critical Infrastructure ManagementThe ERS-EO Element 1 Critical Infrastructure Monitoring Prof of Concept is intended to demonstrate the step improvement for enhanced monitoring and management of critical infrastructure resulting from the effective combination of diverse EO and non-EO capabilities representative of the future Earth Observation Governmental Service (EOGS) capacity. In particular, the customization and fusion of these capabilities will generate significant improvements in tasking response, persistent data collection, information delivery latency, expanded information content andflexibility and adaptability in response to dynamic situations. In this c"
esa-star|1-13504|187373|https://esastar-publication-ext.sso.esa.int/esatenderactions/details/187373|ers-eo space resilience nodes user needs harmonisation study - expro+,ESA-star,ESA,,1-13504,187373,ERS-EO SPACE RESILIENCE NODES USER NEEDS HARMONISATION STUDY - EXPRO+,Open Competition,https://esastar-publication-ext.sso.esa.int/ESATenderActions/details/187373,,,2026-09-10,2026-09-11,2026-09-10;2026-09-11,2,yes,Intended,BLUE - monitor/no deadline,,5,"disaster, earth observation, eo","As part of the European Resilience from Space - Earth Observation (ERS-EO) Element 2 Programme, and in line with the Space Resilience Node (SRN) Workplan 2026 approved on 26th February 2026, ESA intends to issue a competitive tender (ERS-SRN-02) for one (1) harmonization study (up to 300k, 5 - 12 months) which will consolidate the findings from individual SRN User Needs Studies (see Tender Action 1000046333). The objective of the study is to derive or confirm common user needs and requirements for SRNs to inform the SRN Reference Framework, and to identify gaps in space-enabled products to support SRN users' public protection and disaster response activities."
esa-star|1-13690|193773|https://esastar-publication-ext.sso.esa.int/esatenderactions/details/193773|he-esa-035-stage 1 egnos next: system of systems engineering trade-offs,ESA-star,ESA,,1-13690,193773,HE-ESA-035-STAGE 1 EGNOS NEXT: SYSTEM OF SYSTEMS ENGINEERING TRADE-OFFS,Open Competition,https://esastar-publication-ext.sso.esa.int/ESATenderActions/details/193773,,,2026-09-10,2026-09-11,2026-09-10;2026-09-11,2,yes,Intended,BLUE - monitor/no deadline,,4,"quality, uav","HE-ESA-035 Stage 1 - EGNOS NEXT: System of Systems engineering trade-offsThe activity aims at performing system studies supporting the definition and future development of EGNOS as a system of segments providing complementary services (Rail, UAV, Automotive, Maritime) to the current version of EGNOS implementing ICAO standards. This activity belongs to Galileo/EGNOS Upstream RD which is part of the space component of Horizon Europe, under which, in line with the signed FFPA and relevant Contribution Agreement, ESA isdelegated by the European Commission to manage this activity. ESA adapted procurement rules will apply as per the ITT to be published (open Competition in 2 stages). ESA reserves"
esa-star|1-13490|186404|https://esastar-publication-ext.sso.esa.int/esatenderactions/details/186404|in-orbit experiment of quantum communication sources (artes 4.0 sl spl 3h.006) - on request,ESA-star,ESA,,1-13490,186404,IN-ORBIT EXPERIMENT OF QUANTUM COMMUNICATION SOURCES (ARTES 4.0 SL SPL 3H.006) - ON REQUEST,Open Competition,https://esastar-publication-ext.sso.esa.int/ESATenderActions/details/186404,,,2026-09-10,2026-09-11,2026-09-10;2026-09-11,2,yes,Intended,BLUE - monitor/no deadline,,2,on-board,"Objective: Demonstrate the capability and feasibility of high-performance entangled photon sources and their monitoring testbed in space.TargetedImprovements:Creating a capability in Europe and Canada currently not present, to experiment with the operation andperformance of quantum communication sourcesin orbit, enabling future quantum communication systems.Description: Entangled photonsources are at the heart of many technological applications, including novel space-based quantum information networks (QIN).Demonstrating the capability and feasibility of high-performance entangled photon sources in space is an essential step to unlock these maturingtechnologies for emerging quantum communica"
esa-star|1-13643|192135|https://esastar-publication-ext.sso.esa.int/esatenderactions/details/192135|maintenance and evolution of the asgard library - expro+,ESA-star,ESA,,1-13643,192135,MAINTENANCE AND EVOLUTION OF THE ASGARD LIBRARY - EXPRO+,Open Competition,https://esastar-publication-ext.sso.esa.int/ESATenderActions/details/192135,,,2026-09-10,2026-09-11,2026-09-10;2026-09-11,2,yes,Intended,BLUE - monitor/no deadline,,4,"earth observation, processing, validation","ASGARD library is a reusable software component providing the geometric computation services required by modern Earth Observation processing systems within the EOPF ecosystem. The primary objective of this activity is the operational qualification, maintenance, and evolution of ASGARD, including performance hardening, validation, and support to its downstream integration and use."
esa-star|1-13486|186396|https://esastar-publication-ext.sso.esa.int/esatenderactions/details/186396|sustainable mineral resources management - expro+,ESA-star,ESA,,1-13486,186396,SUSTAINABLE MINERAL RESOURCES MANAGEMENT - EXPRO+,Open Competition,https://esastar-publication-ext.sso.esa.int/ESATenderActions/details/186396,,,2026-09-10,2026-09-11,2026-09-10;2026-09-11,2,yes,Intended,BLUE - monitor/no deadline,,7,"earth observation, eo, quality, water","Sustainable mineral resource management involves the responsible extraction, use, and conservation of mineral resources to meet present needs without compromising the ability of future generations to meet theirs. It emphasizes efficient mining practices, minimizing environmental impacts, and restoring ecosystems after extraction. An important component of this approach is the use of Earth observation technologies, which allow the detection of (critical earth) minerals, continuous monitoring of mining activities, land degradation and water quality. The development of novel EO solutions and tools improve transparency, support better decision-making, andhelp detect unsustainable practices in ne"
esa-star|1-13621|190749|https://esastar-publication-ext.sso.esa.int/esatenderactions/details/190749|t709-903ga self-healing architectures for cyber resilient ground segment systems (expro+),ESA-star,ESA,,1-13621,190749,T709-903GA SELF-HEALING ARCHITECTURES FOR CYBER RESILIENT GROUND SEGMENT SYSTEMS (EXPRO+),Open Competition,https://esastar-publication-ext.sso.esa.int/ESATenderActions/details/190749,,,2026-09-10,2026-09-11,2026-09-10;2026-09-11,2,yes,Intended,BLUE - monitor/no deadline,,5,"autonomous, learning, machine learning, security","Today, mission ground segment systems face increasingly sophisticated and fast-movingcyber threats that can evade static or rule-based detection tools and overwhelm traditionalrecovery procedures. As attacks grow more pervasive, dynamic and subtle, currentapproaches, such as rule-based or ticket driven responses struggle to react at the requiredspeed, resulting in prolonged attacker dwelltime and potential disruption of critical missionoperations, if an attack is detected at all.Real-time automated responses or self-healing' mechanisms, such as fall-back tosecure/minimum configurations, runtime policy/rule change, trusted state reconstitution, orrapid tear-down and re-deploy of compromised s"
esa-star|1-13672|193149|https://esastar-publication-ext.sso.esa.int/esatenderactions/details/193149|user management service (um-ser),ESA-star,ESA,,1-13672,193149,USER MANAGEMENT SERVICE (UM-SER),Open Competition,https://esastar-publication-ext.sso.esa.int/ESATenderActions/details/193149,,,2026-09-10,2026-09-11,2026-09-10;2026-09-11,2,yes,Intended,BLUE - monitor/no deadline,,5,"ai, earth observation, quality","The User Management Service contract will encompass a comprehensive suite of offeringsdesigned to support and enhance user interactions and experience for ESA and Third PartyEO Missions.This service contract aims at integrating the User Communication and Information Portaltogether with the User Management functions, covered in the past by separate contracts,whereby ensuring autonomy to Industry in designing and using communication tools asadditional instrument to reach and stimulate a dynamic and variegated user community.The Information Portal is expected to provide seamless access to relevant content and data,Graphical and Editorial Servicesshall deliver visually engaging and professionall"
"eu funding & tenders|horizon-cl3-2026-02-cs-eccc|horizon-cl3-2026-02-cs-eccc-02|https://ec.europa.eu/info/funding-tenders/opportunities/portal/screen/opportunities/topic-details/horizon-cl3-2026-02-cs-eccc-02|enhancing the security, privacy and robustness of ai models and systems (secureai)",EU Funding & Tenders,European Commission,Indirectly Managed Action by the ECCC (2026),HORIZON-CL3-2026-02-CS-ECCC,HORIZON-CL3-2026-02-CS-ECCC-02,"Enhancing the Security, Privacy and Robustness of AI Models and Systems (SecureAI)",HORIZON Innovation Actions,https://ec.europa.eu/info/funding-tenders/opportunities/portal/screen/opportunities/topic-details/HORIZON-CL3-2026-02-CS-ECCC-02,2026-03-03,2026-09-15,2026-09-10,2026-09-11,2026-09-10;2026-09-11,2,yes,Open,RED - due <=7 days,4,12,"ai, critical infrastructure, deep learning, learning, provenance, security, training, validation","Enhancing the Security, Privacy and Robustness of AI Models and Systems (SecureAI) Enhancing the Security, Privacy and Robustness of AI Models and Systems (SecureAI) Enhancing the Security, Privacy and Robustness of AI Models and Systems (SecureAI) Expected Outcome: Proposals are expected to contribute to one or more of the following: Robust AI models and systems capable of resisting different classes of adversarial manipulation; Innovative defence mechanisms for AI models and systems against new attack families; Methodologies for detecting and mitigating attacks, such as data poisoning, backdoor exploitation and misclassification; AI systems leveraging privacy-enhancing technologies that ma"
eu funding & tenders|horizon-cl4-2026-03|horizon-cl4-2026-space-03-61|https://ec.europa.eu/info/funding-tenders/opportunities/portal/screen/opportunities/topic-details/horizon-cl4-2026-space-03-61|scientific analysis and exploitation of space data,EU Funding & Tenders,European Commission,SPACE,HORIZON-CL4-2026-03,HORIZON-CL4-2026-SPACE-03-61,Scientific analysis and exploitation of space data,HORIZON Research and Innovation Actions,https://ec.europa.eu/info/funding-tenders/opportunities/portal/screen/opportunities/topic-details/HORIZON-CL4-2026-SPACE-03-61,2026-03-10,2026-09-16,2026-09-10,2026-09-11,2026-09-10;2026-09-11,2,yes,Open,RED - due <=7 days,5,7,"artificial intelligence, edge, processing, satellite, validation","Scientific analysis and exploitation of space data Scientific analysis and exploitation of space data Scientific analysis and exploitation of space data Expected Outcome: Project results are expected to contribute to the following expected outcomes: European space science breakthroughs fostered by data analysis and exploitation of European missions (incl. low-cost/small satellite) and instruments, in conjunction, when relevant, with international missions. This data may also originate from European in-orbit validation experiments with a focus on space science and exploration. A higher number of European scientific publications based on space data, high-level data products made available thro"
eu funding & tenders|horizon-cl6-2026-01|horizon-cl6-2026-01-biodiv-05|https://ec.europa.eu/info/funding-tenders/opportunities/portal/screen/opportunities/topic-details/horizon-cl6-2026-01-biodiv-05|advancing integrated scenarios and prediction models for informing transition to a nature positive society,EU Funding & Tenders,European Commission,Call 01 - single stage (2026),HORIZON-CL6-2026-01,HORIZON-CL6-2026-01-BIODIV-05,Advancing integrated scenarios and prediction models for informing transition to a nature positive society,HORIZON Research and Innovation Actions,https://ec.europa.eu/info/funding-tenders/opportunities/portal/screen/opportunities/topic-details/HORIZON-CL6-2026-01-BIODIV-05,2026-04-17,2026-09-17,2026-09-10,2026-09-11,2026-09-10;2026-09-11,2,yes,Open,RED - due <=7 days,6,11,"agriculture, biodiversity, futureeo, pollution, remote sensing, water","Advancing integrated scenarios and prediction models for informing transition to a nature positive society Advancing integrated scenarios and prediction models for informing transition to a nature positive society Advancing integrated scenarios and prediction models for informing transition to a nature positive society Expected Outcome: Project results are expected to contribute to all the following expected outcomes: advanced knowledge and understanding how ecosystems respond to multiple plausible futures shaped by human-induced pressures, supporting the design of long-term, nature positive and equitable policies; strengthened collaboration across bio-physical , socio-economic and humanitie"
eu funding & tenders|horizon-cl6-2026-01|horizon-cl6-2026-01-zeropollution-02|https://ec.europa.eu/info/funding-tenders/opportunities/portal/screen/opportunities/topic-details/horizon-cl6-2026-01-zeropollution-02|bioremediation of ukraine’s ecosystems contaminated by conflicts,EU Funding & Tenders,European Commission,Call 01 - single stage (2026),HORIZON-CL6-2026-01,HORIZON-CL6-2026-01-ZEROPOLLUTION-02,Bioremediation of Ukraine’s ecosystems contaminated by conflicts,HORIZON Innovation Actions,https://ec.europa.eu/info/funding-tenders/opportunities/portal/screen/opportunities/topic-details/HORIZON-CL6-2026-01-ZEROPOLLUTION-02,2026-04-17,2026-09-17,2026-09-10,2026-09-11,2026-09-10;2026-09-11,2,yes,Open,RED - due <=7 days,6,14,"ai, autonomous, biodiversity, pollution, quality, soil health, water","Bioremediation of Ukraine’s ecosystems contaminated by conflicts Bioremediation of Ukraine’s ecosystems contaminated by conflicts Bioremediation of Ukraine’s ecosystems contaminated by conflicts Expected Outcome: The actions funded under this topic should support communities, land managers, local administrators, policy makers, and researchers to deploy solutions contributing to the goals of the EU Nature Restoration Regulation and the new EU bioeconomy strategy, through techniques aligned to the Strategy for European Life Sciences and the EU Biotech Act. Project results are expected to contribute to all of the following expected outcomes: innovative biotechnology and Nature-based Solutions ("
eu funding & tenders|horizon-cl6-2026-01|horizon-cl6-2026-01-zeropollution-03|https://ec.europa.eu/info/funding-tenders/opportunities/portal/screen/opportunities/topic-details/horizon-cl6-2026-01-zeropollution-03|developing managed aquifer recharge techniques (mar) in a rural context,EU Funding & Tenders,European Commission,Call 01 - single stage (2026),HORIZON-CL6-2026-01,HORIZON-CL6-2026-01-ZEROPOLLUTION-03,Developing managed aquifer recharge techniques (MAR) in a rural context,HORIZON Research and Innovation Actions,https://ec.europa.eu/info/funding-tenders/opportunities/portal/screen/opportunities/topic-details/HORIZON-CL6-2026-01-ZEROPOLLUTION-03,2026-04-17,2026-09-17,2026-09-10,2026-09-11,2026-09-10;2026-09-11,2,yes,Open,RED - due <=7 days,6,7,"agriculture, pollution, quality, river, water","Developing managed aquifer recharge techniques (MAR) in a rural context Developing managed aquifer recharge techniques (MAR) in a rural context Developing managed aquifer recharge techniques (MAR) in a rural context Expected Outcome: Project results are expected to contribute to all of the following expected outcomes: farmers have access to water supply from managed aquifer recharge systems and to appropriate business models to cope with longer and more intense periods of water scarcity due to climate change, while preserving the good status of ground water bodies; water ecosystems are healthier and more resilient to climate change, and water related ecosystem services are protected and stre"
"eu funding & tenders|horizon-cl6-2026-01|horizon-cl6-2026-01-biodiv-02|https://ec.europa.eu/info/funding-tenders/opportunities/portal/screen/opportunities/topic-details/horizon-cl6-2026-01-biodiv-02|developing methods to assess the presence, functions and sensitivity of groundwater ecosystems",EU Funding & Tenders,European Commission,Call 01 - single stage (2026),HORIZON-CL6-2026-01,HORIZON-CL6-2026-01-BIODIV-02,"Developing methods to assess the presence, functions and sensitivity of groundwater ecosystems",HORIZON Research and Innovation Actions,https://ec.europa.eu/info/funding-tenders/opportunities/portal/screen/opportunities/topic-details/HORIZON-CL6-2026-01-BIODIV-02,2026-04-17,2026-09-17,2026-09-10,2026-09-11,2026-09-10;2026-09-11,2,yes,Open,RED - due <=7 days,6,11,"biodiversity, disaster, hydrological, pollution, quality, security, water","Developing methods to assess the presence, functions and sensitivity of groundwater ecosystems Developing methods to assess the presence, functions and sensitivity of groundwater ecosystems Developing methods to assess the presence, functions and sensitivity of groundwater ecosystems Expected Outcome: Project results are expected to contribute to all of the following expected outcomes: the knowledge of existing groundwater ecosystems [1] is improved, supporting policymakers and technical experts in assessments of their presence, functions and condition or status, and their role for climate change mitigation; society benefits from enhanced knowledge and awareness of pollution and overexploita"
eu funding & tenders|horizon-cl6-2026-01|horizon-cl6-2026-01-biodiv-04|https://ec.europa.eu/info/funding-tenders/opportunities/portal/screen/opportunities/topic-details/horizon-cl6-2026-01-biodiv-04|ensuring continuous effectiveness of protected areas in conserving habitats and species while facing intensifying drivers of biodiversity loss,EU Funding & Tenders,European Commission,Call 01 - single stage (2026),HORIZON-CL6-2026-01,HORIZON-CL6-2026-01-BIODIV-04,Ensuring continuous effectiveness of protected areas in conserving habitats and species while facing intensifying drivers of biodiversity loss,HORIZON Research and Innovation Actions,https://ec.europa.eu/info/funding-tenders/opportunities/portal/screen/opportunities/topic-details/HORIZON-CL6-2026-01-BIODIV-04,2026-04-17,2026-09-17,2026-09-10,2026-09-11,2026-09-10;2026-09-11,2,yes,Open,RED - due <=7 days,6,3,"biodiversity, pollution","Ensuring continuous effectiveness of protected areas in conserving habitats and species while facing intensifying drivers of biodiversity loss Ensuring continuous effectiveness of protected areas in conserving habitats and species while facing intensifying drivers of biodiversity loss Ensuring continuous effectiveness of protected areas in conserving habitats and species while facing intensifying drivers of biodiversity loss Expected Outcome: Project results are expected to contribute to all the following expected outcomes: the effectiveness of the protection of habitats and species in protected areas is maintained even under intensifying impacts of the drivers of biodiversity loss, includin"
eu funding & tenders|horizon-cl6-2026-01|horizon-cl6-2026-01-biodiv-03|https://ec.europa.eu/info/funding-tenders/opportunities/portal/screen/opportunities/topic-details/horizon-cl6-2026-01-biodiv-03|pushing the frontier of knowledge and conservation action for deep sea ecosystems,EU Funding & Tenders,European Commission,Call 01 - single stage (2026),HORIZON-CL6-2026-01,HORIZON-CL6-2026-01-BIODIV-03,Pushing the frontier of knowledge and conservation action for deep sea ecosystems,HORIZON Research and Innovation Actions,https://ec.europa.eu/info/funding-tenders/opportunities/portal/screen/opportunities/topic-details/HORIZON-CL6-2026-01-BIODIV-03,2026-04-17,2026-09-17,2026-09-10,2026-09-11,2026-09-10;2026-09-11,2,yes,Open,RED - due <=7 days,6,9,"apex, biodiversity, imaging, water","Pushing the frontier of knowledge and conservation action for deep sea ecosystems Pushing the frontier of knowledge and conservation action for deep sea ecosystems Pushing the frontier of knowledge and conservation action for deep sea ecosystems Expected Outcome: Project results are expected to contribute to all of the following expected outcomes: Member States and Associated Countries contribute to the implementation of area-based management tools, such as protection targets and adaptive management approaches for deep-sea regions under the Treaty on Biodiversity Beyond National Jurisdiction (BBNJ) and the Kunming-Montreal Global Biodiversity Framework (GBF), for Regional fisheries Managemen"
eu funding & tenders|horizon-cl6-2026-01|horizon-cl6-2026-01-zeropollution-01|https://ec.europa.eu/info/funding-tenders/opportunities/portal/screen/opportunities/topic-details/horizon-cl6-2026-01-zeropollution-01|toward a comprehensive assessment of the disturbance of marine ecosystems by anthropogenic underwater noise,EU Funding & Tenders,European Commission,Call 01 - single stage (2026),HORIZON-CL6-2026-01,HORIZON-CL6-2026-01-ZEROPOLLUTION-01,Toward a comprehensive assessment of the disturbance of marine ecosystems by anthropogenic underwater noise,HORIZON Research and Innovation Actions,https://ec.europa.eu/info/funding-tenders/opportunities/portal/screen/opportunities/topic-details/HORIZON-CL6-2026-01-ZEROPOLLUTION-01,2026-04-17,2026-09-17,2026-09-10,2026-09-11,2026-09-10;2026-09-11,2,yes,Open,RED - due <=7 days,6,3,"biodiversity, pollution","Toward a comprehensive assessment of the disturbance of marine ecosystems by anthropogenic underwater noise Toward a comprehensive assessment of the disturbance of marine ecosystems by anthropogenic underwater noise Toward a comprehensive assessment of the disturbance of marine ecosystems by anthropogenic underwater noise Expected Outcome: Project results are expected to contribute to all of the following expected outcomes: impacts of continuous and impulsive underwater noise levels on marine organisms and ecosystems, and the related ecosystem services they provide, including cumulative impacts with other pressures, are well understood, taking into account regional differences; environmental"
eu funding & tenders|life-2026-sap-env|life-2026-sap-env-environment|https://ec.europa.eu/info/funding-tenders/opportunities/portal/screen/opportunities/topic-details/life-2026-sap-env-environment|circular economy and zero pollution,EU Funding & Tenders,European Commission,Circular Economy and Quality of Life - Standard Action Projects (SAP),LIFE-2026-SAP-ENV,LIFE-2026-SAP-ENV-ENVIRONMENT,Circular Economy and Zero Pollution,LIFE Project Grants,https://ec.europa.eu/info/funding-tenders/opportunities/portal/screen/opportunities/topic-details/LIFE-2026-SAP-ENV-ENVIRONMENT,2026-04-21,2026-09-22,2026-09-10,2026-09-11,2026-09-10;2026-09-11,2,yes,Open,ORANGE - due <=14 days,11,8,"air quality, pollution, quality, water","Circular Economy and Zero Pollution Circular Economy and Zero Pollution Circular Economy and Zero Pollution Expected Impact: Applicants are expected to define, calculate, explain and achieve the expected impacts as described in the Award criterion ‘Impact’ (see Call document section 2 and 9 ). Objective: The aim is to facilitate the transition toward a sustainable, circular, energy-efficient and climate-resilient economy, a toxic-free environment and at protecting, restoring and improving the quality of the environment in line with the European Green Deal and recent policy developments. The specific objective is to cover one or more of the following topics as fully defined in section 2 of th"
eu funding & tenders|life-2026-sap-clima|life-2026-sap-clima-cca|https://ec.europa.eu/info/funding-tenders/opportunities/portal/screen/opportunities/topic-details/life-2026-sap-clima-cca|climate change adaptation,EU Funding & Tenders,European Commission,LIFE Climate Action - Standard Action Projects (SAP),LIFE-2026-SAP-CLIMA,LIFE-2026-SAP-CLIMA-CCA,Climate Change Adaptation,LIFE Project Grants,https://ec.europa.eu/info/funding-tenders/opportunities/portal/screen/opportunities/topic-details/LIFE-2026-SAP-CLIMA-CCA,2026-04-21,2026-09-22,2026-09-10,2026-09-11,2026-09-10;2026-09-11,2,yes,Open,ORANGE - due <=14 days,11,4,"agriculture, water","Climate Change Adaptation Climate Change Adaptation Climate Change Adaptation Expected Outcome: Efficient delivery of the quantified objectives by the end of the project. Objective: Projects under this strand should help to achieve the long-term vision of the new EU Strategy on Adaptation to Climate Change that, in 2050, the EU will be a climate-resilient society which is fully adapted to the unavoidable impacts of climate change. Projects should help to reinforce adaptive capacity, strengthen resilience, and reduce vulnerability, in line with the Paris Agreement and the European Climate Law. Scope: Areas of Intervention: Support to the implementation of climate adaptation policies and the r"
eu funding & tenders|horizon-miss-2026-05|horizon-miss-2026-05-soil-02|https://ec.europa.eu/info/funding-tenders/opportunities/portal/screen/opportunities/topic-details/horizon-miss-2026-05-soil-02|antimicrobial resistance and antibiotic biosynthesis in soils: developing key understanding and counteractive strategies using a one-health approach,EU Funding & Tenders,European Commission,Supporting the implementation of the Soil Deal for Europe Mission,HORIZON-MISS-2026-05,HORIZON-MISS-2026-05-SOIL-02,Antimicrobial resistance and antibiotic biosynthesis in soils: developing key understanding and counteractive strategies using a One-Health approach,HORIZON Research and Innovation Actions,https://ec.europa.eu/info/funding-tenders/opportunities/portal/screen/opportunities/topic-details/HORIZON-MISS-2026-05-SOIL-02,2026-02-04,2026-09-23,2026-09-10,2026-09-11,2026-09-10;2026-09-11,2,yes,Open,ORANGE - due <=14 days,12,3,"biodiversity, pollution","Antimicrobial resistance and antibiotic biosynthesis in soils: developing key understanding and counteractive strategies using a One-Health approach Antimicrobial resistance and antibiotic biosynthesis in soils: developing key understanding and counteractive strategies using a One-Health approach Antimicrobial resistance and antibiotic biosynthesis in soils: developing key understanding and counteractive strategies using a One-Health approach Expected Outcome: Activities under this topic will help progress towards the objectives and targets of the Mission Soil and of the EU Soil Strategy for 2030 , the Zero Pollution Action Plan , the European One Health Action Plan against antimicrobial res"
eu funding & tenders|horizon-miss-2026-1|horizon-miss-2026-01-clima-05|https://ec.europa.eu/info/funding-tenders/opportunities/portal/screen/opportunities/topic-details/horizon-miss-2026-01-clima-05|demonstrating solutions to protect and preserve cultural heritage from the impacts of climate change,EU Funding & Tenders,European Commission,Supporting the implementation of the Adaptation to Climate Change Mission,HORIZON-MISS-2026-1,HORIZON-MISS-2026-01-CLIMA-05,Demonstrating solutions to protect and preserve cultural heritage from the impacts of climate change,HORIZON Innovation Actions,https://ec.europa.eu/info/funding-tenders/opportunities/portal/screen/opportunities/topic-details/HORIZON-MISS-2026-01-CLIMA-05,2026-02-04,2026-09-23,2026-09-10,2026-09-11,2026-09-10;2026-09-11,2,yes,Open,ORANGE - due <=14 days,12,10,cultural heritage climate adaptation targeted scout,Cultural heritage climate adaptation: EO/geospatial monitoring can support risk mapping and preservation planning.
eu funding & tenders|horizon-cl2-2026-01|horizon-cl2-2026-01-transfo-07|https://ec.europa.eu/info/funding-tenders/opportunities/portal/screen/opportunities/topic-details/horizon-cl2-2026-01-transfo-07|fostering competences for the green transition,EU Funding & Tenders,European Commission,"Culture, Creativity and Inclusive Society 2026",HORIZON-CL2-2026-01,HORIZON-CL2-2026-01-TRANSFO-07,Fostering competences for the green transition,HORIZON Research and Innovation Actions,https://ec.europa.eu/info/funding-tenders/opportunities/portal/screen/opportunities/topic-details/HORIZON-CL2-2026-01-TRANSFO-07,2026-05-12,2026-09-23,2026-09-10,2026-09-11,2026-09-10;2026-09-11,2,yes,Open,ORANGE - due <=14 days,12,11,"agriculture, biodiversity, learning, pollution, skills, training, vocational education","Fostering competences for the green transition Fostering competences for the green transition Fostering competences for the green transition Expected Outcome: Projects should contribute to all of the following expected outcomes: Provide policymakers, education and training institutions, and social partners with a solid understanding of which competences young people and workers need to support the EU economy towards the green transition to reach carbon neutrality and protect natural ecosystems. Develop actionable advice to policymakers and education and training institutions about which education and training programmes and policy measures can promote the acquisition of those competences by"
eu funding & tenders|horizon-miss-2026-05|horizon-miss-2026-05-soil-04|https://ec.europa.eu/info/funding-tenders/opportunities/portal/screen/opportunities/topic-details/horizon-miss-2026-05-soil-04|leveraging long-term field experiments and other datasets to develop ai-ready decision support systems for sustainable soil management,EU Funding & Tenders,European Commission,Supporting the implementation of the Soil Deal for Europe Mission,HORIZON-MISS-2026-05,HORIZON-MISS-2026-05-SOIL-04,Leveraging long-term field experiments and other datasets to develop AI-ready decision support systems for sustainable soil management,HORIZON Innovation Actions,https://ec.europa.eu/info/funding-tenders/opportunities/portal/screen/opportunities/topic-details/HORIZON-MISS-2026-05-SOIL-04,2026-02-04,2026-09-23,2026-09-10,2026-09-11,2026-09-10;2026-09-11,2,yes,Open,ORANGE - due <=14 days,12,19,"ai, artificial intelligence, critical infrastructure, crop, deep learning, edge, learning, machine learning, quality, soil health, training",Leveraging long-term field experiments and other datasets to develop AI-ready decision support systems for sustainable soil management Leveraging long-term field experiments and other datasets to develop AI-ready decision support systems for sustainable soil management Leveraging long-term field experiments and other datasets to develop AI-ready decision support systems for sustainable soil management Expected Outcome: Activities under this topic will help progress towards the objectives and targets of the Mission Soil and the EU Soil Strategy for 2030 . Activities should also contribute to the implementation of the Soil Monitoring and Resilience Directive after its adoption. Project results
eu funding & tenders|horizon-cl2-2026-01|horizon-cl2-2026-01-heritage-07|https://ec.europa.eu/info/funding-tenders/opportunities/portal/screen/opportunities/topic-details/horizon-cl2-2026-01-heritage-07|preventing and fighting illicit trafficking of cultural goods,EU Funding & Tenders,European Commission,"Culture, Creativity and Inclusive Society 2026",HORIZON-CL2-2026-01,HORIZON-CL2-2026-01-HERITAGE-07,Preventing and fighting illicit trafficking of cultural goods,HORIZON Coordination and Support Actions,https://ec.europa.eu/info/funding-tenders/opportunities/portal/screen/opportunities/topic-details/HORIZON-CL2-2026-01-HERITAGE-07,2026-05-12,2026-09-23,2026-09-10,2026-09-11,2026-09-10;2026-09-11,2,yes,Open,ORANGE - due <=14 days,12,10,archaeology/cultural heritage targeted scout,Archaeology/cultural heritage security: geospatial intelligence and looting/trafficking prevention.
eu funding & tenders|horizon-miss-2026-03|horizon-miss-2026-03-ocean-05|https://ec.europa.eu/info/funding-tenders/opportunities/portal/screen/opportunities/topic-details/horizon-miss-2026-03-ocean-05|regional (sea-basins) components of the eu digital twin ocean,EU Funding & Tenders,European Commission,Supporting the implementation of the Restore our Ocean and Waters Mission,HORIZON-MISS-2026-03,HORIZON-MISS-2026-03-OCEAN-05,Regional (sea-basins) components of the EU Digital Twin Ocean,HORIZON Innovation Actions,https://ec.europa.eu/info/funding-tenders/opportunities/portal/screen/opportunities/topic-details/HORIZON-MISS-2026-03-OCEAN-05,2026-02-04,2026-09-23,2026-09-10,2026-09-11,2026-09-10;2026-09-11,2,yes,Open,ORANGE - due <=14 days,12,5,"artificial intelligence, biodiversity, pollution","Regional (sea-basins) components of the EU Digital Twin Ocean Regional ( sea -basins) components of the EU Digital Twin Ocean Regional (sea-basins) components of the EU Digital Twin Ocean Expected Outcome: Project results are expected to contribute to all of the following expected outcomes: Additional regional and local assets (data, models, digital twins) are made available on the DTO core infrastructure, EDITO; New digital twin applications, emphasising on regional and local conditions and addressing regional considerations, including stakeholders needs, availability of data, etc.; Enhanced digital twin regional capabilities, creating in the EU DTO core infrastructure, EDITO, the condition"
eu funding & tenders|horizon-cl3-2026-01|horizon-cl3-2026-01-drs-05|https://ec.europa.eu/info/funding-tenders/opportunities/portal/screen/opportunities/topic-details/horizon-cl3-2026-01-drs-05|climate security and civil preparedness – new ways to develop pre- and post-crisis climate-change related scenarios for a more resilient europe,EU Funding & Tenders,European Commission,Civil Security for Society 2026,HORIZON-CL3-2026-01,HORIZON-CL3-2026-01-DRS-05,Climate security and civil preparedness – new ways to develop pre- and post-crisis climate-change related scenarios for a more resilient Europe,HORIZON Innovation Actions,https://ec.europa.eu/info/funding-tenders/opportunities/portal/screen/opportunities/topic-details/HORIZON-CL3-2026-01-DRS-05,2026-05-06,2026-11-05,2026-09-10,2026-09-11,2026-09-10;2026-09-11,2,yes,Open,GREEN - due >30 days,55,15,"Copernicus, agriculture, biodiversity, civil security, disaster, emergency, security, validation, water","Climate security and civil preparedness – new ways to develop pre- and post-crisis climate-change related scenarios for a more resilient Europe Climate security and civil preparedness – new ways to develop pre- and post-crisis climate-change related scenarios for a more resilient Europe Climate security and civil preparedness – new ways to develop pre- and post-crisis climate-change related scenarios for a more resilient Europe Expected Outcome: Project results are expected to contribute to some or all of the following expected outcomes: Identification and prioritization of climate security scenarios, assessing cascading and compounding risks across multiple sectors; Development and validati"
eu funding & tenders|horizon-cl3-2026-01|horizon-cl3-2026-01-fct-01|https://ec.europa.eu/info/funding-tenders/opportunities/portal/screen/opportunities/topic-details/horizon-cl3-2026-01-fct-01|improving capabilities of law enforcement to counter climate-related challenges,EU Funding & Tenders,European Commission,Civil Security for Society 2026,HORIZON-CL3-2026-01,HORIZON-CL3-2026-01-FCT-01,Improving capabilities of law enforcement to counter climate-related challenges,HORIZON Research and Innovation Actions,https://ec.europa.eu/info/funding-tenders/opportunities/portal/screen/opportunities/topic-details/HORIZON-CL3-2026-01-FCT-01,2026-05-06,2026-11-05,2026-09-10,2026-09-11,2026-09-10;2026-09-11,2,yes,Open,GREEN - due >30 days,55,12,"biodiversity, civil security, security, skills, training, water",Improving capabilities of law enforcement to counter climate-related challenges Improving capabilities of law enforcement to counter climate-related challenges Improving capabilities of law enforcement to counter climate-related challenges Expected Outcome: Project results are expected to contribute to some or all of the following expected outcomes: Police Authorities in Europe are equipped with specialised skills and technologies to counter an increase in illegal activities related to the climate change and the emergence of new (opportunistic) criminal patterns; Improved understanding by policymakers of the effects of climate change on law enforcement with a view of developing related effec
eu funding & tenders|horizon-cl3-2026-01|horizon-cl3-2026-01-infra-02|https://ec.europa.eu/info/funding-tenders/opportunities/portal/screen/opportunities/topic-details/horizon-cl3-2026-01-infra-02|security challenges of the green transition in urban und peri urban areas,EU Funding & Tenders,European Commission,Civil Security for Society 2026,HORIZON-CL3-2026-01,HORIZON-CL3-2026-01-INFRA-02,Security challenges of the green transition in urban und peri urban areas,HORIZON Research and Innovation Actions,https://ec.europa.eu/info/funding-tenders/opportunities/portal/screen/opportunities/topic-details/HORIZON-CL3-2026-01-INFRA-02,2026-05-06,2026-11-05,2026-09-10,2026-09-11,2026-09-10;2026-09-11,2,yes,Open,GREEN - due >30 days,55,8,"biodiversity, civil security, critical infrastructure, security","Security challenges of the green transition in urban und peri urban areas Security challenges of the green transition in urban und peri urban areas Security challenges of the green transition in urban und peri urban areas Expected Outcome: Project results are expected to contribute to some or all of the following outcomes: Identification and analysis of potential new security risks related to innovative technologies being deployed in the urban and peri-urban environments; Innovative and modern tools to identify and measure changes in urban and peri-urban areas caused by the green transition, insofar as they concern security and possible resilience approaches; Verification of measures counter"
"eu funding & tenders|horizon-cl3-2026-01|horizon-cl3-2026-01-infra-03|https://ec.europa.eu/info/funding-tenders/opportunities/portal/screen/opportunities/topic-details/horizon-cl3-2026-01-infra-03|targeted innovative capabilities for the resilience of critical entities to natural and human-induced disasters, including hybrid scenarios",EU Funding & Tenders,European Commission,Civil Security for Society 2026,HORIZON-CL3-2026-01,HORIZON-CL3-2026-01-INFRA-03,"Targeted innovative capabilities for the resilience of critical entities to natural and human-induced disasters, including hybrid scenarios",HORIZON Innovation Actions,https://ec.europa.eu/info/funding-tenders/opportunities/portal/screen/opportunities/topic-details/HORIZON-CL3-2026-01-INFRA-03,2026-05-06,2026-11-05,2026-09-10,2026-09-11,2026-09-10;2026-09-11,2,yes,Open,GREEN - due >30 days,55,17,"civil security, critical entities, critical infrastructure, critical infrastructures, disaster, emergency, resilience of critical entities, security","Targeted innovative capabilities for the resilience of critical entities to natural and human-induced disasters, including hybrid scenarios Targeted innovative capabilities for the resilience of critical entities to natural and human-induced disasters , including hybrid scenarios Targeted innovative capabilities for the resilience of critical entities to natural and human-induced disasters, including hybrid scenarios Expected Outcome: Project results are expected to contribute to some or all of the following outcomes: Improved understanding of systemic vulnerabilities of critical entities including physical, digital, operational, and cross-sectoral dimensions, in the face of compound natural"
eu funding & tenders|horizon-cl3-2026-01|horizon-cl3-2026-01-infra-01|https://ec.europa.eu/info/funding-tenders/opportunities/portal/screen/opportunities/topic-details/horizon-cl3-2026-01-infra-01|tools and processes to support stress tests of critical infrastructure,EU Funding & Tenders,European Commission,Civil Security for Society 2026,HORIZON-CL3-2026-01,HORIZON-CL3-2026-01-INFRA-01,Tools and processes to support stress tests of critical infrastructure,HORIZON Innovation Actions,https://ec.europa.eu/info/funding-tenders/opportunities/portal/screen/opportunities/topic-details/HORIZON-CL3-2026-01-INFRA-01,2026-05-06,2026-11-05,2026-09-10,2026-09-11,2026-09-10;2026-09-11,2,yes,Open,GREEN - due >30 days,55,19,"civil security, critical entities, critical infrastructure, critical infrastructures, geospatial, learning, resilience of critical entities, security, stress tests of critical infrastructure, training, validation","Tools and processes to support stress tests of critical infrastructure Tools and processes to support stress tests of critical infrastructure Tools and processes to support stress tests of critical infrastructure Expected Outcome: Project results are expected to contribute to some or all of the following outcomes: Critical infrastructure operators and authorities have access to efficient, adaptable, resilient and reliable tools and processes enabling or improving virtual and physical stress tests of their respective assets/ and operations; Critical entities have broader and deeper understanding of their technical and operational vulnerabilities and adaptive capabilities, improving the scenar"
eu funding & tenders|horizon-neb-2026-01|horizon-neb-2026-01-participation-02|https://ec.europa.eu/info/funding-tenders/opportunities/portal/screen/opportunities/topic-details/horizon-neb-2026-01-participation-02|innovative approaches for the spatial design of neighbourhoods,EU Funding & Tenders,European Commission,"Beautiful, inclusive and sustainable neighbourhoods for communities",HORIZON-NEB-2026-01,HORIZON-NEB-2026-01-PARTICIPATION-02,Innovative approaches for the spatial design of neighbourhoods,HORIZON Innovation Actions,https://ec.europa.eu/info/funding-tenders/opportunities/portal/screen/opportunities/topic-details/HORIZON-NEB-2026-01-PARTICIPATION-02,2026-05-05,2026-12-01,2026-09-10,2026-09-11,2026-09-10;2026-09-11,2,yes,Open,GREEN - due >30 days,81,11,"biodiversity, civil security, learning, security, skills, water","Innovative approaches for the spatial design of neighbourhoods Innovative approaches for the spatial design of neighbourhoods Innovative approaches for the spatial design of neighbourhoods Expected Outcome: Project results are expected to contribute to all of the following expected outcomes: Demonstrated approaches aligned with NEB allow architects, designers, spatial planners and neighbourhood [1] decision makers to ensure an efficient and effective integration of user perspectives in the spatial design and/or transformation of public spaces. The demonstrated approaches deliver positive climate, environmental, social and cultural impact (such as addressing inequalities and enhancing social"
eu funding & tenders|digital-eccc-2027-deploy-cyber-11|digital-eccc-2027-deploy-cyber-11-dualuse|https://ec.europa.eu/info/funding-tenders/opportunities/portal/screen/opportunities/topic-details/digital-eccc-2027-deploy-cyber-11-dualuse|dual-use technologies,EU Funding & Tenders,European Commission,"Strengthening European Cybersecurity Technologies, Capacities and Preparedness",DIGITAL-ECCC-2027-DEPLOY-CYBER-11,DIGITAL-ECCC-2027-DEPLOY-CYBER-11-DUALUSE,Dual-use technologies,DIGITAL JU Simple Grants,https://ec.europa.eu/info/funding-tenders/opportunities/portal/screen/opportunities/topic-details/DIGITAL-ECCC-2027-DEPLOY-CYBER-11-DUALUSE,2026-09-01,2027-01-14,2026-09-10,2026-09-11,2026-09-10;2026-09-11,2,yes,Open,GREEN - due >30 days,125,11,"ai, critical infrastructure, critical infrastructures, security, training",Dual-use technologies Dual-use technologies Dual-use technologies Expected Outcome: Secure Data Sharing Framework: Develop standardised and encrypted communication mechanisms to facilitate seamless data exchange between civilian and military stakeholders. These mechanisms should align with GDPR and other EU regulatory requirements. Early Warning Systems (EWS): Establish a European-level EWS for cyber and hybrid threats. These systems should integrate real-time monitoring tools and predictive analytics to pre-emptively identify and neutralise cyber and hybrid threats targeting critical infrastructure. Collaborative Training Programmes: Design joint training programmes that incorporate AI and
life/cinea|projects on legislative and policy priorities in the fields of nature & biodiversity and circular economy & quality of life|https://cinea.ec.europa.eu/funding-opportunities/calls-proposals/projects-legislative-and-policy-priorities-fields-nature-biodiversity-and-circular-economy-quality_en|projects on legislative and policy priorities in the fields of nature & biodiversity and circular economy & quality of life,LIFE/CINEA,CINEA / European Commission,LIFE Programme 2026,,Projects on Legislative and Policy Priorities in the fields of Nature & Biodiversity and Circular Economy & Quality of Life,Projects on Legislative and Policy Priorities in the fields of Nature & Biodiversity and Circular Economy & Quality of Life,Call for proposals,https://cinea.ec.europa.eu/funding-opportunities/calls-proposals/projects-legislative-and-policy-priorities-fields-nature-biodiversity-and-circular-economy-quality_en,2026-04-21,2026-09-22,2026-09-10,2026-09-11,2026-09-10;2026-09-11,2,yes,Open,ORANGE - due <=14 days,11,8,"LIFE, biodiversity, nature, quality",Projects on Legislative and Policy Priorities in the fields of Nature & Biodiversity and Circular Economy & Quality of Life. Deadline phase: Deadline.
life/cinea|standard action projects (saps) climate change adaptation|https://cinea.ec.europa.eu/funding-opportunities/calls-proposals/climate-change-adaptation-0_en|standard action projects (saps) climate change adaptation,LIFE/CINEA,CINEA / European Commission,LIFE Programme 2026,,Standard Action Projects (SAPs) Climate Change Adaptation,Standard Action Projects (SAPs) Climate Change Adaptation,Call for proposals,https://cinea.ec.europa.eu/funding-opportunities/calls-proposals/climate-change-adaptation-0_en,2026-04-21,2026-09-22,2026-09-10,2026-09-11,2026-09-10;2026-09-11,2,yes,Open,ORANGE - due <=14 days,11,4,"adaptation, climate",Standard Action Projects (SAPs) Climate Change Adaptation. Deadline phase: Deadline.
life/cinea|standard action projects (saps) climate change mitigation|https://cinea.ec.europa.eu/funding-opportunities/calls-proposals/climate-change-mitigation-0_en|standard action projects (saps) climate change mitigation,LIFE/CINEA,CINEA / European Commission,LIFE Programme 2026,,Standard Action Projects (SAPs) Climate Change Mitigation,Standard Action Projects (SAPs) Climate Change Mitigation,Call for proposals,https://cinea.ec.europa.eu/funding-opportunities/calls-proposals/climate-change-mitigation-0_en,2026-04-21,2026-09-22,2026-09-10,2026-09-11,2026-09-10;2026-09-11,2,yes,Open,ORANGE - due <=14 days,11,2,climate,Standard Action Projects (SAPs) Climate Change Mitigation. Deadline phase: Deadline.
life/cinea|standard action projects (saps) climate governance and information|https://cinea.ec.europa.eu/funding-opportunities/calls-proposals/climate-governance-and-information-0_en|standard action projects (saps) climate governance and information,LIFE/CINEA,CINEA / European Commission,LIFE Programme 2026,,Standard Action Projects (SAPs) Climate Governance and Information,Standard Action Projects (SAPs) Climate Governance and Information,Call for proposals,https://cinea.ec.europa.eu/funding-opportunities/calls-proposals/climate-governance-and-information-0_en,2026-04-21,2026-09-22,2026-09-10,2026-09-11,2026-09-10;2026-09-11,2,yes,Open,ORANGE - due <=14 days,11,3,"climate, governance",Standard Action Projects (SAPs) Climate Governance and Information. Deadline phase: Deadline.
life/cinea|standard action projects (saps) for circular economy and zero pollution - environment|https://cinea.ec.europa.eu/funding-opportunities/calls-proposals/standard-action-projects-saps-circular-economy-and-zero-pollution-environment-0_en|standard action projects (saps) for circular economy and zero pollution - environment,LIFE/CINEA,CINEA / European Commission,LIFE Programme 2026,,Standard Action Projects (SAPs) for Circular Economy and Zero Pollution - Environment,Standard Action Projects (SAPs) for Circular Economy and Zero Pollution - Environment,Call for proposals,https://cinea.ec.europa.eu/funding-opportunities/calls-proposals/standard-action-projects-saps-circular-economy-and-zero-pollution-environment-0_en,2026-04-21,2026-09-22,2026-09-10,2026-09-11,2026-09-10;2026-09-11,2,yes,Open,ORANGE - due <=14 days,11,4,"environment, pollution, zero pollution",Standard Action Projects (SAPs) for Circular Economy and Zero Pollution - Environment. Deadline phase: Deadline.
life/cinea|standard action projects (saps) for nature and biodiversity - nature|https://cinea.ec.europa.eu/funding-opportunities/calls-proposals/standard-action-projects-saps-nature-and-biodiversity-nature-1_en|standard action projects (saps) for nature and biodiversity - nature,LIFE/CINEA,CINEA / European Commission,LIFE Programme 2026,,Standard Action Projects (SAPs) for nature and biodiversity - Nature,Standard Action Projects (SAPs) for nature and biodiversity - Nature,Call for proposals,https://cinea.ec.europa.eu/funding-opportunities/calls-proposals/standard-action-projects-saps-nature-and-biodiversity-nature-1_en,2026-04-21,2026-09-22,2026-09-10,2026-09-11,2026-09-10;2026-09-11,2,yes,Open,ORANGE - due <=14 days,11,6,"biodiversity, nature",Standard Action Projects (SAPs) for nature and biodiversity - Nature. Deadline phase: Deadline.
life/cinea|standard action projects (saps) for nature and biodiversity – governance and information|https://cinea.ec.europa.eu/funding-opportunities/calls-proposals/standard-action-projects-saps-nature-and-biodiversity-governance-and-information-0_en|standard action projects (saps) for nature and biodiversity – governance and information,LIFE/CINEA,CINEA / European Commission,LIFE Programme 2026,,Standard Action Projects (SAPs) for nature and biodiversity – Governance and Information,Standard Action Projects (SAPs) for nature and biodiversity – Governance and Information,Call for proposals,https://cinea.ec.europa.eu/funding-opportunities/calls-proposals/standard-action-projects-saps-nature-and-biodiversity-governance-and-information-0_en,2026-04-21,2026-09-22,2026-09-10,2026-09-11,2026-09-10;2026-09-11,2,yes,Open,ORANGE - due <=14 days,11,7,"biodiversity, governance, nature",Standard Action Projects (SAPs) for nature and biodiversity – Governance and Information. Deadline phase: Deadline.
life/cinea|technical assistance for the preparation of sips - climate|https://cinea.ec.europa.eu/funding-opportunities/calls-proposals/technical-assistance-preparation-sips-climate-0_en|technical assistance for the preparation of sips - climate,LIFE/CINEA,CINEA / European Commission,LIFE Programme 2026,,Technical Assistance for the preparation of SIPs - Climate,Technical Assistance for the preparation of SIPs - Climate,Call for proposals,https://cinea.ec.europa.eu/funding-opportunities/calls-proposals/technical-assistance-preparation-sips-climate-0_en,2026-04-21,2026-09-22,2026-09-10,2026-09-11,2026-09-10;2026-09-11,2,yes,Open,ORANGE - due <=14 days,11,2,climate,Technical Assistance for the preparation of SIPs - Climate. Deadline phase: Deadline.
life/cinea|strategic nature projects (snap)|https://cinea.ec.europa.eu/funding-opportunities/calls-proposals/strategic-nature-projects-snap-1_en|strategic nature projects (snap),LIFE/CINEA,CINEA / European Commission,LIFE Programme 2026,,Strategic Nature Projects (SNaP),Strategic Nature Projects (SNaP),Call for proposals,https://cinea.ec.europa.eu/funding-opportunities/calls-proposals/strategic-nature-projects-snap-1_en,2026-04-21,2027-03-04,2026-09-10,2026-09-11,2026-09-10;2026-09-11,2,yes,Open,GREEN - due >30 days,174,2,nature,Strategic Nature Projects (SNaP). Deadline phase: Full proposals.
mimit / invitalia|al-via-scoperta-imprenditoriale-ii-505-milioni-in-ricerca-e-sviluppo-nelle-regioni-del-mezzogiorno|https://www.mimit.gov.it/it/notizie-stampa/al-via-scoperta-imprenditoriale-ii-505-milioni-in-ricerca-e-sviluppo-nelle-regioni-del-mezzogiorno|al via scoperta imprenditoriale ii: 505 milioni in ricerca e sviluppo nelle regioni del mezzogiorno,MIMIT / Invitalia,Ministero delle Imprese e del Made in Italy / Invitalia,"Italian SME incentives, R&D and green/digital transition calls",,al-via-scoperta-imprenditoriale-ii-505-milioni-in-ricerca-e-sviluppo-nelle-regioni-del-mezzogiorno,Al via Scoperta imprenditoriale II: 505 milioni in ricerca e sviluppo nelle regioni del Mezzogiorno,Grant / incentive,https://www.mimit.gov.it/it/notizie-stampa/al-via-scoperta-imprenditoriale-ii-505-milioni-in-ricerca-e-sviluppo-nelle-regioni-del-mezzogiorno,,,2026-09-10,2026-09-11,2026-09-10;2026-09-11,2,yes,Check source,BLUE - check source/no deadline,,10,"ai, competenze, formazione, scoperta imprenditoriale",Al via Scoperta imprenditoriale II: 505 milioni in ricerca e sviluppo nelle regioni del Mezzogiorno Questo sito utilizza solo cookie tecnici necessari per la fruizione dei contenuti. Per maggiori informazioni leggi l'informativa sul trattamento dei dati personali. Privacy Policy Continua Vai al contenuto principale Vai al menu principale Vai al menu di sezione Vai al pie di pagina Governo italiano Seleziona la tua lingua IT IT EN --> Ministero delle Imprese e del Made in Italy Seguici su Cerca Cerca Chiudi menu PER IL CITTADINO PER LE AZIENDE PER I MEDIA Amministrazione trasparente Contributi emittenti locali Contributi radio e tv Graduatorie Archivio contributi (legge 448) Consultazione sug
mimit / invitalia|scoperta-imprenditoriale-2026|https://www.mimit.gov.it/it/incentivi/scoperta-imprenditoriale-2026|scoperta imprenditoriale ii (2026),MIMIT / Invitalia,Ministero delle Imprese e del Made in Italy / Invitalia,"Italian SME incentives, R&D and green/digital transition calls",,scoperta-imprenditoriale-2026,Scoperta imprenditoriale II (2026),Grant / incentive,https://www.mimit.gov.it/it/incentivi/scoperta-imprenditoriale-2026,,,2026-09-10,2026-09-11,2026-09-10;2026-09-11,2,yes,Check source,BLUE - check source/no deadline,,4,scoperta imprenditoriale,"ilioni in ricerca e sviluppo nelle regioni del Mezzogiorno 12 Agosto 2026 Fase di precompilazione dal 24 settembre e apertura dello sportello dal 7 ottobre 2026 È stato firmato , su indicazione del Ministro delle Imprese e del Made in Italy, sen. Adolfo Urso , il decreto direttoriale che definisce i termini e le modalità per la presentazione delle domande per le agevolazioni previste da “Scoperta imprenditoriale II (2026)"". La misura , disciplinata dal decreto ministeriale 19 maggio 2026, mette a disposizione oltre 505 milioni di euro a sostegno di progetti di ricerca e sviluppo da realizzare nelle Regioni del Mezzogiorno (Basilicata, Calabria, Campania, Molise, Puglia, Sardegna e Sicilia) ,"
pid / camere di commercio|bando-doppia-transizione-anno-2026-0|https://www.puntoimpresadigitale.camcom.it/voucher/bando-doppia-transizione-anno-2026-0|bando doppia transizione - anno 2026,PID / Camere di Commercio,Unioncamere / Camere di Commercio,PID digital and green transition vouchers,,bando-doppia-transizione-anno-2026-0,Bando Doppia Transizione - anno 2026,Grant / incentive,https://www.puntoimpresadigitale.camcom.it/voucher/bando-doppia-transizione-anno-2026-0,,,2026-09-10,2026-09-11,2026-09-10;2026-09-11,2,yes,Check source,BLUE - check source/no deadline,,16,"acquisizione, ai, competenze, doppia transizione, formazione, soluzioni tecnologiche, sostenibilità",Bando Doppia Transizione - anno 2026 | PID Salta al contenuto principale Menu Menu top 2 Home Punti impresa digitale Cosa sono i PID e quali servizi erogano Trova il PID più vicino Digitalizzazione Sostenibilità Innovazione Strumenti Misurare la Digitalizzazione Misurare la Sostenibilità Misurare la Sicurezza Informatica Avviare progetti di Innovazione Conoscere le tecnologie Formati con i PID PID Academy Eventi formativi Conoscere le tecnologie Bandi e incentivi Bando Voucher Doppia Transizione 2026 Premio TOP of the PID Voucher digitali delle Camere di commercio Eventi PID News Contatti Seguici su: User account menu Accedi MENU Ricerca Cerca Menu top 2 Home Punti impresa digitale Cosa sono
pid / camere di commercio|bando-voucher-doppia-transizione-2026|https://www.puntoimpresadigitale.camcom.it/bando-voucher-doppia-transizione-2026|bando voucher doppia transizione 2026,PID / Camere di Commercio,Unioncamere / Camere di Commercio,PID digital and green transition vouchers,,bando-voucher-doppia-transizione-2026,Bando Voucher Doppia Transizione 2026,Grant / incentive,https://www.puntoimpresadigitale.camcom.it/bando-voucher-doppia-transizione-2026,,,2026-09-10,2026-09-11,2026-09-10;2026-09-11,2,yes,Check source,BLUE - check source/no deadline,,4,doppia transizione,"-path=""node/9505"">Eventi formativi Conoscere le tecnologie Bandi e incentivi Bando Voucher Doppia Transizione 2026 Premio TOP of the PID Voucher digitali delle Camere di commercio Eventi PID News </"
pid / camere di commercio|bando-voucher-doppia-transizione-2026-bari|https://www.puntoimpresadigitale.camcom.it/voucher/bando-voucher-doppia-transizione-2026-bari|pid erogatore bari bando voucher doppia transizione 2026 - bari,PID / Camere di Commercio,Unioncamere / Camere di Commercio,PID digital and green transition vouchers,,bando-voucher-doppia-transizione-2026-bari,PID erogatore Bari Bando Voucher Doppia Transizione 2026 - Bari,Grant / incentive,https://www.puntoimpresadigitale.camcom.it/voucher/bando-voucher-doppia-transizione-2026-bari,,,2026-09-10,2026-09-11,2026-09-10;2026-09-11,2,yes,Check source,BLUE - check source/no deadline,,4,doppia transizione,PID erogatore Bari Bando Voucher Doppia Transizione 2026 - Bari
"pid / camere di commercio|avviso-ia-impresa-2026-contributi-imprese-nellambito-del-programma-assessment-formazione|https://www.puntoimpresadigitale.camcom.it/voucher/avviso-ia-impresa-2026-contributi-imprese-nellambito-del-programma-assessment-formazione|pid erogatore catanzaro - crotone - vibo valentia avviso ia impresa 2026 – contributi per le imprese nell’ambito del programma di assessment, formazione, orientamento e voucher per l’adozione di soluzioni di intelligenza artificiale nelle mpmi",PID / Camere di Commercio,Unioncamere / Camere di Commercio,PID digital and green transition vouchers,,avviso-ia-impresa-2026-contributi-imprese-nellambito-del-programma-assessment-formazione,"PID erogatore Catanzaro - Crotone - Vibo Valentia Avviso IA IMPRESA 2026 – Contributi per le imprese nell’ambito del programma di assessment, formazione, orientamento e voucher per l’adozione di soluzioni di intelligenza artificiale nelle MPMI",Grant / incentive,https://www.puntoimpresadigitale.camcom.it/voucher/avviso-ia-impresa-2026-contributi-imprese-nellambito-del-programma-assessment-formazione,,,2026-09-10,2026-09-11,2026-09-10;2026-09-11,2,yes,Check source,BLUE - check source/no deadline,,2,formazione,"PID erogatore Catanzaro - Crotone - Vibo Valentia Avviso IA IMPRESA 2026 – Contributi per le imprese nell’ambito del programma di assessment, formazione, orientamento e voucher per l’adozione di soluzioni di intelligenza artificiale nelle MPMI"
