Urgency,Days,TA,ID,Title,Status,Type,Opened,Deadline,Clarification,Score,Matched Terms,Theme,ESA-star
RED - due <=7 days,2,1-13547,187959,WORLD AGENTIC ENGINE - WAE,Issued,Open Competition,2026-06-25T11:58:44,2026-09-02T13:00:00,2026-08-19T13:00:00,8,"ai, earth observation, eo, forest, validation","Europe has built world leading Earth Observation (EO) infrastructures, but today's exploitation paradigm remains fragmented and focused on data pipelines rather than integrated intelligence. As a result, transforming EO data into actionable insights is slow, difficult to scale, and poorly aligned with the needs of non space industries. Meanwhile, global digital leaders are advancing rapidly with geospatial foundation models, world models and agentic AI systems that reason across heterogeneous data. Without a comparable European capability, much of the value generated from European EO assets risks being externalised.To address this, the proposed activity aims to prototype a World Agentic Engi",https://esastar-publication-ext.sso.esa.int/ESATenderActions/details/187959
RED - due <=7 days,4,1-13353,189866,LARGE AREA AVALANCHE PHOTODIODE ARRAY FOR HIGH SIGNAL SWIR APPLICATIONS EXPRO PLUS (RE-ISSUE),Issued,Open Competition,2026-06-19T12:07:44,2026-09-04T13:00:00,2026-08-21T13:00:00,4,"earth observation, eo, swir","Objective: To develop prototype Avalanche Photodiode (APD) structures in an Mercury-Cadmium-Telluride (MCT) detection layer for high flux Earth Observation applications.Description: Hybrid infrared detectors, using a silicon Readout Integrated Circuit (ROIC) andMercury-Cadmium-Telluride (MCT) detection layer, are the gold standard for high performance optical systems in space. Recent demonstrations of Avalanche Photodiode (APD) technology in MCT layers opens up the possibility of signal magnification at the pixel level which reduces the effective readout noise. This can unlock performance improvements through an enhanced Signal-to-Noise ratio (SNR),or allow operation at equivalent SNR but wi",https://esastar-publication-ext.sso.esa.int/ESATenderActions/details/189866
RED - due <=7 days,4,1-13560,189184,ARRAKIHS INSTRUMENT HARNESS,Issued,Open Competition,2026-07-02T12:14:34,2026-09-04T13:00:00,2026-08-21T13:00:00,2,"quality, validation","The aim of this activity is to develop, manufacture and verify the ARRAKIHS instrument harness (EM, STM and PFM) in compliance withthe ARRAKIHS instrument specifications [AD01] [AD02] [AD03] [AD04].The Contractor shall be responsible for the management and the Product/Quality Assurance aspects, also including traceability documentationfor the design analysis including but limited tobundling concept, connector choice, routing, voltage drop and shielding efficiency validation, for the procurement of wiring, connectors, braids, backshells, labels, tape, foil, rings, savers, transport container, bags, etc.for the manufacturing and assembly of about 80 cables (SpW, RS-422, PWR, analogue) incl. cu",https://esastar-publication-ext.sso.esa.int/ESATenderActions/details/189184
RED - due <=7 days,0,5-50192,191920,SCALABLE VLEO PLATFORM FOR SATELLITE VIDEO (SYSNOVA CAMPAIGN) - RESTRICTED CALL FOR PROPOSALS,Issued,Call for Proposals,2026-07-20T11:44:04,2026-08-31T13:00:00,2026-08-17T13:00:00,1,satellite,,https://esastar-publication-ext.sso.esa.int/ESATenderActions/details/191920
ORANGE - due <=14 days,8,1-13482,186405,NON-TERRESTRIAL NETWORK DIRECT SAMPLING RADIO UNIT (ARTES 4.0 SPL 5G/6G 5C.544) - EXPRO+,Issued,Open Competition,2026-05-22T18:20:57,2026-09-08T13:00:00,2026-08-25T13:00:00,3,"processing, quality, satellite","Objective: The objective of this activity is to design and test an engineering model of a Direct Sampling Radio Unit (DSRU) covering the 5G frequency bands FR1 and FR2.TargetedImprovements:Enabling direct sampling of all 5G frequency bands, providing an RF front end and Digital Signal Processing chip to achieve flexible 5G NTN communication with 20%reduction in power consumption compared to the current state of the art.Description: Current RF Systems-on-Chip (SoC) enables direct sampling in Frequency Range 1 (FR1), but higher frequency ranges still require down-conversion stages to sample atbaseband. There is a significant market need for a solution that enables direct sampling across all 5G",https://esastar-publication-ext.sso.esa.int/ESATenderActions/details/186405
ORANGE - due <=14 days,8,1-13439,185682,DEVELOPMENT OF E-/W-BAND SLOW WAVE STRUCTURE BREAD BOARDS FOR HIGH POWER TWTS EXPRO+,Issued,Open Competition,2026-06-22T20:12:48,2026-09-08T13:00:00,2026-09-01T13:00:00,2,"satellite, validation",Objective: To develop a E-/W-band traveling wave tube slow-wave structure breadboard capable of delivering 100 W of output power.Description: The millimetre wave domain is also known as the extremely high-frequency (EHF) spectrum ranges from 30 to 300 GHz. Early works on atmospheric propagation in EHF evidenced encouraging future usage for satellite communications. The allocated W-band for satellite services (71-76 GHz and 81-86 GHz) potentially provides a favourable attenuation window due to low oxygen absorption. The exploitation of W-band may offer broad bandwidths for high data rate information transfer. Hence the development of the high power amplifiers is a critical building block that,https://esastar-publication-ext.sso.esa.int/ESATenderActions/details/185682
ORANGE - due <=14 days,9,1-13450,185947,DEVELOPMENT OF LOW-BARRIER DIODES AND MIXERS FOR PASSIVE SUB-THZ RADIOMETER ARRAYS - EXPRO PLUS,Issued,Open Competition,2026-06-25T11:54:49,2026-09-09T13:00:00,2026-09-02T13:00:00,2,"image, remote sensing","Objective: To develop low barrier Schottky diodes and mixers for passive remote sensing of the Earth's atmosphere, with a local oscillator power requirement less than 25% compared to a traditional GaAs mixer.Description: Traditional Gallium Arsenide mixers such as the one used for MetOp-SG Micro Wave Imager (MWI) and Micro Wave Sounder (MWS) and Ice Cloud Imager (ICI) instruments need few milliwatts of local oscillator (LO) power to reach optimal conversion efficiency and noise figure. For single pixel instruments, this is well achievable with current local oscillator technology. For extended arrays of heterodyne receivers, this would mean to increase the local oscillator power requirements ",https://esastar-publication-ext.sso.esa.int/ESATenderActions/details/185947
ORANGE - due <=14 days,10,1-13568,188551,DISTRIBUTED TEMPERATURE SENSING FOR LARGE DEPLOYABLE REFLECTORS - EXPRO+,Issued,Open Competition,2026-07-02T12:28:27,2026-09-10T13:00:00,2026-09-03T13:00:00,2,"eo, mesh","Objective: To develop a breadboard of a distributed temperature sensor using a fibre optic to measure the temperature of large deployable reflectors.Description: Missions such as CIMR which use a Large Deployable Reflectors (LDR) for radiometry require knowledge of the reflector temperature during observation in order to increase the accuracy of the measurement. This is a very challenging temperature measurement, both on orbit and on-ground, due to the very thin wires of the mesh structure, together with the gold coating of the wires. Contact thermometers, infra-red thermography and electrical techniques have all been proposed, each coming with their own set of challenges. The use of a fibre",https://esastar-publication-ext.sso.esa.int/ESATenderActions/details/188551
ORANGE - due <=14 days,11,1-13421,185694,ELECTROLYTE RECOVERY AND LIFETIME CONTROL - EXPRO PLUS,Issued,Open Competition,2026-06-10T15:26:02,2026-09-11T13:00:00,2026-08-28T13:00:00,2,"processing, validation","To minimise salt loss, to optimise salt stability and to enable salt regeneration/purification for themolten salt electrolysis process.DescriptionThe Fray Farthing Chen (FFC) Cambridge process and similar Molten Salt Electrolysis (MSE)processes, including the Regolith to OXYgen and Metals Conversion (ROXY) process, are potentialgame changing approaches to making resources available in alunar environment, i.e. the oxygenand metals which are chemically bound to lunar and planetary regolith/ bedrock.To operate an MSE based In-Situ Resource Utilization (ISRU) process on planetary surfaces, withthe minimum need of resupply of consumables, the salt/electrolyte recovery, stability andregeneration a",https://esastar-publication-ext.sso.esa.int/ESATenderActions/details/185694
ORANGE - due <=14 days,9,1-13536,187337,"ERS TECHDEV, DEV-C - SECURITY UNIT - CLASSIFIED STAGE 1",Issued,Open Competition,2026-07-29T10:11:09,2026-09-09T13:00:00,2026-09-02T13:00:00,1,eo,Development of a Security Unit for ERS-EO.,https://esastar-publication-ext.sso.esa.int/ESATenderActions/details/187337
ORANGE - due <=14 days,11,1-13612,190126,E4EX-022 LASER COMPONENT OF A DOPPLER LIDAR FOR MARTIAN WINDS - EXPRO+,Issued,Open Competition,2026-07-15T08:59:28,2026-09-11T13:00:00,2026-09-04T13:00:00,1,river,"This activity is to perform trade-offs and a risk-reduction design study for the laser component of a Doppler LIDAR for measuring, from a spacecraft in Mars orbit (via laser light scattered by atmospheric particles) the winds in the martian atmosphere. The main driver for this search is Signal-to-Noise Ratio of the returned signal and the consequent needs in terms of total optical output power (in the order of tens of mJ per pulse for each wavelength), shared between 1064 nm and 532 nm from the transmitting laser. Secondly, such a laser must be compact and designed for long-duration, high-duty cycle operation. The activity shall target TRL 3.",https://esastar-publication-ext.sso.esa.int/ESATenderActions/details/190126
ORANGE - due <=14 days,11,1-13431,185679,EFC3 - WORK ORDER - PLANETARY SCIENCE OPERATIONS PLANNING AND SCIENCE DATA ASSESSMENT SUPPORT SERVICE 3-SCI-SCO-1-002,Issued,Open Competition,2026-06-11T14:20:02,2026-09-11T13:00:00,2026-08-28T13:00:00,1,validation,"The SCO 1 002 service implements all SOC uplink activities, covering the full operational chain from high level scientific requirements to the preparation and validation of operational files ready for uplink by the Mission Operations Centre to the spacecraft.",https://esastar-publication-ext.sso.esa.int/ESATenderActions/details/185679
ORANGE - due <=14 days,11,1-13473,185970,EFC3 - WORK ORDER - SCIENCE AND DATA PROCESSING SUPPORT SERVICE 3-SCI-SCO-1-001,Issued,Open Competition,2026-06-11T14:49:58,2026-09-11T13:00:00,2026-08-28T13:00:00,1,processing,"The SCO 1 001 service supports the scientific community by managing proposal submission, science planning, delivery of validated data via mission archives, user support (helpdesk, web, documentation), and mission communication and outreach activities.",https://esastar-publication-ext.sso.esa.int/ESATenderActions/details/185970
AMBER - due <=30 days,18,1-13529,187386,AI-POWERED AUTONOMOUS SATELLITES FOR THREAT DETECTION AND MITIGATION (ARTES 4.0 SPL 4S 3D.038) - EXPRO+,Issued,Open Competition,2026-07-06T15:17:14,2026-09-18T13:00:00,2026-09-04T13:00:00,8,"ai, autonomous, edge, satellite, validation","Objective: The objective is to develop and validate an AI-powered autonomous satellite system capable of real-time threat detectionand mitigation targeting LEO constellations. This will reducereliance on ground-based monitoring and improve resilience in satellite operations.TargetedImprovements: - 50% improvement in real-time threat detection latency / delay over ground-based solutions.-60% reduction in response time using AI-initiated autonomous countermeasures.- Development of a simulator for cyber, RF and physical attacks, enabling validation of AI-based countermeasure/mitigation solutionsintroducing a novel capability in ESA MS.Description: Current satellite security solutions depend on ",https://esastar-publication-ext.sso.esa.int/ESATenderActions/details/187386
AMBER - due <=30 days,24,1-13513,187384,5G DISTRIBUTED UNIT PROCESSOR AND ASSOCIATED NON-TERRESTRIAL NETWORK G-NODEB SOFTWARE (ARTES 4.0 SPL 5G/6G 5A.099) - EXPRO+,Issued,Open Competition,2026-06-12T15:26:16,2026-09-24T13:00:00,2026-09-10T13:00:00,8,"on-board, onboard, processing, quality, satellite, validation","Objective: The objective of the activity is to design, manufacture, and test a processor breadboard and associated software implementing a distributed unit (DU) onboard a satellite. TheDU will implement Radio Link Control (RLC) and Medium Access Control (MAC) functions, optimized for Non-Terrestrial Network (NTN), to address processing, memory andpower constraints, as well as service needs in terms of cells and user numbers The feasibility and implementation of control unit (CU) functions on the 5G g-NodeB (gNB)should be addressed by the activity depending on the selected 5G system split and targeted system capacityTargetedImprovements: - Increase the DU throughput by a factor of 10 with res",https://esastar-publication-ext.sso.esa.int/ESATenderActions/details/187384
AMBER - due <=30 days,30,1-13494,187358,AI DIGITAL PAYLOAD TECHNOLOGIES PNT DEMONSTRATOR PHASES 0/A/B1,Issued,Open Competition,2026-05-27T14:30:48,2026-09-30T13:00:00,2026-09-20T13:00:00,6,"ai, onboard, processing, validation","This activity aims to prepare a future in-orbit demonstrator of resilient PNT payload technologies based on digital and AI-enabled architectures. The study will investigate reconfigurable, software-defined payloads capable of characterizing and adapting to dynamic, congested or impaired RF environments.The activity will address the full signal chain, from generation to transmission, including onboard processing and AI-based techniques. A digital twin environment is also foreseen to be developed to support validation andperformance assessment.The objective is to mature concept and associated key payload technologies up to TRL 5/6 and deliver a credible, flight-representative architecture for ",https://esastar-publication-ext.sso.esa.int/ESATenderActions/details/187358
AMBER - due <=30 days,18,1-13467,186387,FUTURE EARTH OBSERVATION ARCHITECTURE FOR AI (ARCH-AI): NUMERICAL WEATHER PREDICTION (NWP) AND NUMERICAL OCEAN PREDICTION (NOP) - EXPRO PLUS,Issued,Open Competition,2026-06-24T14:59:11,2026-09-18T13:00:00,2026-09-11T13:00:00,5,"ai, earth observation, eo","ARCH-AI addresses the rapid transition of numerical weather prediction (NWP), ocean prediction (NOP), and climate forecasting toward AI/ML-driven approaches. These methods enable faster forecasts, larger ensembles, and new probabilistic capabilities, but they fundamentally change what is required from Earth Observation.The key shift is from EO as an observational system to EO as an integralcomponent of predictive systems. This means observations are no longer just inputs; they must be optimised for AI training, inference, and continuous model evolution.Current European EO systems are strong but not designed for this paradigm. The ARCH-AI studies examines how the entire EO system-of-systems (",https://esastar-publication-ext.sso.esa.int/ESATenderActions/details/186387
AMBER - due <=30 days,18,1-13468,187965,H2.2/2022/005 - S5P-FRM4DOAS CENTRAL PROCESSING,Issued,Open Competition,2026-07-17T11:03:57,2026-09-18T13:00:00,2026-09-04T13:00:00,5,"processing, quality, remote sensing, satellite, validation","MAX-DOAS spectrometers are ground-based remote sensing instruments operating in the UV-visible spectral range and widely used for air quality observations.Through dedicated ESA activities, MAX-DOAS has been incorporated into the Fiducial Reference Measurements (FRM) framework, with the aim of harmonising instrumentation and data processing. This has led to the definition of best practices for instrument operation and the development of a prototype centralised processing system capable of delivering near-real-time data. This system was successfully demonstrated in the FRM4DOAS project.For routine satellite validation, such as for Sentinel-5 Precursor, timely and operational access to high-qua",https://esastar-publication-ext.sso.esa.int/ESATenderActions/details/187965
AMBER - due <=30 days,22,1-13451,185941,EFFECTS OF THE SPATIO-TEMPORALLY VARYING ATMOSPHERE ON SAR IMAGING: THE IONOSPHERE CASE - EXPRO PLUS,Issued,Open Competition,2026-07-20T14:49:21,2026-09-22T13:00:00,2026-09-15T13:00:00,5,"image, imaging, quality, sar, validation","To derive more accurate expression of atmosphere irregularities effects with a focus on the ionosphere, and devise mitigation techniques for both geo- and sun-synchronous SAR imaging systemsDescription: For Low Earth Orbit (LEO) Synthetic Aperture Radar (SAR) systems the atmospheric turbulence is generally assumed to be time-invariant during the synthetic aperture time due to itsshort duration. Such assumption is not always correct, as horizontal atmospheric drifts and vortices exist. Especially for SAR systems at low frequency (P-Band, L-Band), SAR operating on repeat-track basis, geo-synchronous SAR systems characterised by long integration time and extensive imaging scene, the ionosphere ",https://esastar-publication-ext.sso.esa.int/ESATenderActions/details/185941
AMBER - due <=30 days,23,1-13448,193160,S3-CL-06 SECURE AUTONOMOUS DISPOSAL INTERFACE SAFETY MODULE - REISSUED,Issued,Open Competition,2026-08-10T14:54:14,2026-09-23T13:00:00,2026-09-09T13:00:00,5,"autonomous, on-board, satellite","The increase in small satellite missions has intensified the need for compliance to international space debris de-orbiting requirements. To meet these requirements CubeSat-class missions frequently rely on their primary On-Board Computer (OBC) and Electrical Power Subsystem (EPS) to activate disposal mechanisms, however deployment and late-mission failures; such as battery degradation, bus freeze, or cyber compromise; can prevent successful disposal execution.This activity addresses this gap through the development of the Secure Autonomous Disposal Interface and Safety Module: a standardised, independent Disposal Trigger Module (DTM) compatible withCubeSat buses from 1U to 16U across a varie",https://esastar-publication-ext.sso.esa.int/ESATenderActions/details/193160
AMBER - due <=30 days,30,1-13445,185673,IMPACT OF SATELLITE RE-ENTRIES AND ROCKET LAUNCHES ON THE EARTH ATMOSPHERE EARTH OBSERVATION MONITORING ARCHITECTURE CONCEPT STUDY - EXPRO PLUS,Issued,Open Competition,2026-07-01T10:56:07,2026-09-30T13:00:00,2026-09-16T13:00:00,5,"earth observation, eo, river, satellite","The European Earth Observation (EO) Ecosystem is a cross-cutting vision for the future of Space Earth Observation, addressing future opportunities, challenges as well as trends and drivers which potentially impact the EO Ecosystem in the time horizon 2050+.Embedded in this framework, the activity ""Impact of satellite re-entries and rocket launches on the Earth Atmosphere - Earth Observation monitoring architecture concept study"" will help to prepare the foundation to understand how space debris impacts the atmospheric composition and climate system. Therefore, the study scope is to assess which observation capacities are already in place (e.g. on current / planned EO missions -or atmospheric",https://esastar-publication-ext.sso.esa.int/ESATenderActions/details/185673
AMBER - due <=30 days,17,1-13533,187334,A PHYSICALLY-BASED MULTI-TIMESCALE MODELLING FRAMEWORK OF DYNAMIC VEGETATION SIGNALS FOR SAR - EXPRO PLUS,Issued,Open Competition,2026-07-16T12:53:46,2026-09-17T13:00:00,2026-09-10T13:00:00,4,"forest, sar, validation","The objective of this activity is to develop a physically-based framework that describes and simulates the temporal variation and fluctuations of the scattered SAR signal induced by vegetation. To achieve this, the Contractor shall define such framework and its architecture, along with the necessary interfaces, the different components, and the expected inputs and outputs, focusing on representing the scattering of SAR signals by vegetated land surfaces. The framework shall be modular and applicable to a wide range of present and future missions and scenarios, and shall allow the use and intercomparison of different modelling approaches. It shall be designed to:1. cover multiple frequencies ",https://esastar-publication-ext.sso.esa.int/ESATenderActions/details/187334
AMBER - due <=30 days,22,1-13520,187345,ERS-EO ALPSTAR FEDERATED LAYER DEFINITION AND PRELIMINARY IMPLEMENTATION (ACTIVITY 2B),Issued,Open Competition,2026-07-09T17:39:05,2026-09-22T13:00:00,2026-09-08T13:00:00,4,"eo, lake, satellite, validation","Activity 2B addresses Phase B of the Alpstar Federation Layer, aiming to consolidate requirements, architecture, and prototype validation for a federated, multi stakeholder space system. Building on the MRD 2.0, this phase will define and specify all functional, technical, and security requirements of the Federation Layer, including secure interfaces with commercial service providers and Alpstar Nodes via unidirectional ""diode"" connections.The activity encompasses the full design of the Alpstar system architecture and the development and demonstration of a User Ground Segment prototype. Comprehensive specifications will be produced for all major Federation Layer components, ensuring interope",https://esastar-publication-ext.sso.esa.int/ESATenderActions/details/187345
AMBER - due <=30 days,25,1-13594,190747,ERS-EO ALPSTAR PHASE A/B1 STUDY FOR A BESPOKE SAR MISSION WITH OPTIONAL ELINT (ACTIVITY 3),Issued,Open Competition,2026-07-10T12:31:23,2026-09-25T13:00:00,2026-09-11T13:00:00,4,"eo, processing, river, sar","The ALPSTAR Phase A/B1 study for a bespoke X band SAR mission, with optional ELINT capability, aims to define a technically feasible, sovereign European space segment architecture aligned with emerging user needs and the ALPSTAR federated concept. Conducted through up to two parallel industrial contracts within participating states, the study focuses on the design of a high performance SAR payload as the primary driver, including its integration on a mature platform (TRL 8-9), while assessing the feasibility, added value,and implementation impacts of incorporating an ELINT capability either as an embedded or hosted payload. The activity includes mission and system architecture definition, in",https://esastar-publication-ext.sso.esa.int/ESATenderActions/details/190747
AMBER - due <=30 days,15,1-13616,190264,EGV-PILOT: GEODETIC FOUNDATIONS FOR FUTURE EARTH OBSERVATION - EXPRO PLUS,Issued,Open Competition,2026-07-31T11:22:06,2026-09-15T13:00:00,2026-09-08T13:00:00,3,"earth observation, eo","EGV Pilot is an ESA pilot study aimed at structuring, mapping and assessing the geodetic foundations required to support future Earth Observation missions and Earth system science. The activity focuses on the role of geodetic observations and products as foundational enablers for Earth system monitoring, mission preparation, and the generation of long term geodetic data records. It builds on internationally coordinated developments on Essential Geodetic Variables (EGVs), in particular within GGOS and IAG, and translates these advances into an ESA-relevant framework aligned with the Earth Observation Science Strategy (EOSS), FutureEO missions, and other ESA programmatic elements. The study wi",https://esastar-publication-ext.sso.esa.int/ESATenderActions/details/190264
AMBER - due <=30 days,15,1-13453,185940,HIGH POWER ACOUSTIC FILTERS - EXPRO PLUS,Issued,Open Competition,2026-07-03T11:29:26,2026-09-15T13:00:00,2026-09-08T13:00:00,3,"on-board, validation","To develop, manufacture and test low loss high power (>37 dBm peak) acoustic wave filters for UHF, L- and S-band applications.Description: Acoustic Wave filters offer a drastically reduced size and weight compared to other filter technologies, such ascavity and planar filters, and are often employed in payload receivers and frequency converters. However, standard acoustic filter technology suffers from poor power handling capability, which prevents its use at the output section of telecommunication payloads. Various technical advances are ongoing in the frame of 5G terrestrial infrastructure applications to overcome the power limitation. Recent developments in advanced engineered substrates ",https://esastar-publication-ext.sso.esa.int/ESATenderActions/details/185940
AMBER - due <=30 days,22,1-13542,187349,NAVISP-EL1-124-OPTIMISATION OF PVT ENGINES FOR LEO MEASUREMENT DIVERSITY - EXPRO+,Issued,Open Competition,2026-07-06T15:22:40,2026-09-22T13:00:00,2026-09-15T13:00:00,3,"ai, satellite","This activity focuses on designing and optimizing Position, Velocity, and Time (PVT) engines specifically for LEO-based PNT systems. It aims to exploit the unique measurement diversity offered by LEO satellites, such as multipath whitening, Doppler utilization, and rapid LOS/NLOS transitions. Two approaches will be developed and compared: a conventional Kalman filter-based design and an AI/ML-based design to handle unexpected LEO measurement behaviours. The study will include state-of-the-art review, algorithm development, and benchmarking against traditional MEO GNSS-based engines. Field measurement campaigns will validate performance and inform a roadmap for commercialization. For more inf",https://esastar-publication-ext.sso.esa.int/ESATenderActions/details/187349
AMBER - due <=30 days,25,1-13553,187954,ADHA SOFTWARE ARCHITECTURE - EXPRO+,Issued,Open Competition,2026-07-30T12:55:33,2026-09-25T13:00:00,2026-09-18T13:00:00,3,"on-board, satellite","Objective: To develop a complete Software product portfolio of building blocks facilitating the integration of ADHA platforms in Mid-size LEO satellite platforms.Description: The Advanced Data Handling Architecture (ADHA) has been developed as a set of hardware components with standardized communication interfaces. Previous work has focused on the hardware aspects, but the current situation highlights the need for a robust software stack to support ADHA in space missions, in particular mid-sized LEO satellites. The main concern is to ensure that enough software components are ready for use in flight and developed using modern, modular techniques to enhance compatibility and performance. This",https://esastar-publication-ext.sso.esa.int/ESATenderActions/details/187954
AMBER - due <=30 days,25,1-13456,185950,ETHERNET CONNECTIVITY FOR MID-SIZE SATELLITES EXPRO PLUS,Issued,Open Competition,2026-07-30T13:20:50,2026-09-25T13:00:00,2026-09-18T13:00:00,3,"on-board, satellite","Objective: To evaluate options standardisation around Ethernet, including connectors and software protocols - and to identify enablers for utilisation of Ethernet in mid-size satellites.Description: Mid- and small-size satellite providers increasingly rely on COTS technologies to meet stringent market cost requirements. The use of COTS FPGAs has enabled space-specific command, control, and data interfaces, while COTS processors are increasingly adopted in data handling equipment. These processors typically provide terrestrial electrical interfaces such as Ethernet. Interest in Ethernet for on-board data handling is growing, driven by the availability of new devices and the ability of later E",https://esastar-publication-ext.sso.esa.int/ESATenderActions/details/185950
AMBER - due <=30 days,28,1-13558,188552,INNOVATIVE CERAMIC MANUFACTURING FOR SPACE APPLICATIONS - EXPRO+,Issued,Open Competition,2026-08-04T09:34:57,2026-09-28T13:00:00,2026-09-21T13:00:00,3,"processing, satellite, thermal","Objective:To develop and optimise additive manufacturing techniques for ceramic components, as well as developing post-processing,improving crack detection and establishing a robust European supply chain.Description:Ceramics play a crucial role in spacecraftfor their unique properties, namely high thermal stability/resistance, low density and high strength. Ceramics like silicon carbide(SiC) and silicon nitride (Si3N4) are employed in structural components, delivering high stiffness with relatively low mass. They are vital for optical applications for a stable and accurate placement of sensors and mirrors. They are also used for thermal protectionsystems, microwave and radio-frequency equipm",https://esastar-publication-ext.sso.esa.int/ESATenderActions/details/188552
AMBER - due <=30 days,30,1-13617,190745,IMPACT-10: SCIENTIFIC AND SOCIO-ECONOMIC IMPACT ASSESSMENT OF EARLY EARTH OBSERVATION SCIENCE ACTIVITIES- EXPRO PLUS,Issued,Open Competition,2026-07-30T11:47:19,2026-09-30T13:00:00,2026-09-27T13:00:00,3,"earth observation, eo","IMPACT 10 is an ESA Earth Observation activity aimed at assessing and demonstrating the scientific and socio economic value generated by selected activities of the Earth and Mission Science Division (EOP SM). It focuses on scientific studies, mission science contributions, and programme enabling work supporting future EO missions. It also covers a new branch of ""Future Science"" activities. Within EOP SM, ""Future Science"" refers to forward looking science studies aligned with the ESA EO Science Strategy. These studies are designed to address fundamental Earth system science gaps that are not covered by current or planned missions. They therefore go beyond the scope of existing Science Plans a",https://esastar-publication-ext.sso.esa.int/ESATenderActions/details/190745
AMBER - due <=30 days,30,1-13503,187357,QUANTUM-ENABLED PNT DEMONSTRATOR PHASES 0/A/B1,Issued,Open Competition,2026-05-27T14:27:01,2026-09-30T13:00:00,2026-09-20T13:00:00,3,"onboard, processing","This activity aims to prepare a future in-orbit demonstrator of novel Positioning, Navigation and Timing (PNT) concepts based on quantum technologies. The study will investigate the integration of quantum inertial sensors, advanced timing techniques, including optical clocks, and hybrid navigation architectures combining quantum and classical sensors.Emphasis will be placed on system resilience, autonomy and GNSS-independent navigation including applications in Earth orbit and beyond. The activity will include system-level definition, performance assessment and critical pre-developments, including sensor fusion and onboard processing techniques.The objective is to mature concepts and associa",https://esastar-publication-ext.sso.esa.int/ESATenderActions/details/187357
AMBER - due <=30 days,18,1-13500,187379,HYDRON RESILIENCE: SECURITY ASPECTS OF NETWORKS INTEROPERABILITY (ARTES 4.0 SL SPL 3A.240) EXPRO+,Issued,Open Competition,2026-05-29T15:05:08,2026-09-18T13:00:00,2026-09-04T13:00:00,2,earth observation,"Objective:The objective of this study is to assess the feasibility of applying Common Criteria framework (or equivalent) to guarantee compatible security mechanisms with HydRON (High-throughput Optical Network).Targeted Improvements:To achieve security interoperability of HydRON with other networks with a clear protection profile definition in line with international standards.Description:Multiple constellations are expected to be developed in the coming years, addressing different applications, like navigation, Earth Observation and communications as well as defence. Each constellation will be optimized for the target application, in terms of technologies, coverage, but also security functi",https://esastar-publication-ext.sso.esa.int/ESATenderActions/details/187379
AMBER - due <=30 days,21,1-13592,190757,S3-CL-15 ECOSTAR-S CONSOLIDATION PHASE - EXPRO+,Issued,Open Competition,2026-07-20T11:19:48,2026-09-21T13:00:00,2026-09-14T13:00:00,2,"river, satellite","This activity addresses the evolution of small satellite platforms toward sustainable space operations, in line with ESA's Zero Debris objectives and Ecodesign policy. It aims to consolidate system-level requirements for the next generation small satellite platform, integrating space debris mitigation constraints and environmental sustainability considerations across the full life cycle. Building on previous ESA and industry studies, the activity will identify key design drivers, perform trade-offs, and define a baseline platform concept up to System Requirements Review (SRR) level. It will also assess enabling technologies, engage with European suppliers, and establish a roadmap toward plat",https://esastar-publication-ext.sso.esa.int/ESATenderActions/details/190757
AMBER - due <=30 days,30,1-13554,187953,ECODESIGN HARNESS FOR SPACE APPLICATIONS -EXPRO+,Issued,Open Competition,2026-08-18T11:10:07,2026-09-30T13:00:00,2026-09-23T13:00:00,2,"satellite, validation","Objective: To design and assess the life cycle of an optimised harness including cables, connectors, and back-shell components, allmanufactured using eco-friendly processes and alternative materials.Description: Spacecraft harnesses are essential for power distribution, data transmission, and signal integrity within satellites and other spacecraft systems. However, conventional harness designs rely on materials and manufacturing techniques that have a significant environmental impact, such as PTFE (Polytetrafluoroethylene)-based insulation, gold and nickel plating, and energy-intensive production processes. The ecodesign harness initiative focuses on the development of a sustainable harness ",https://esastar-publication-ext.sso.esa.int/ESATenderActions/details/187953
AMBER - due <=30 days,30,1-13667,193154,S3-CL-12 SYSTEM STUDY ON USING OF AUTONOMOUS PLATFORM FOR IN-SITU MONITORING AND MEASUREMENT IN THE STRATOSPHERE - EXPRO+,Issued,Open Competition,2026-08-17T15:28:14,2026-09-30T13:00:00,2026-09-23T13:00:00,2,autonomous,System study on using of autonomous platform for in-situ monitoring and measurement in the stratosphere to understand effects of space activities (launch and re-entry) on the atmosphere.,https://esastar-publication-ext.sso.esa.int/ESATenderActions/details/193154
AMBER - due <=30 days,17,1-13603,190759,PROCUREMENT OF SPACE RIDER SANTA MARIA LANDING SITE PRIMARY RADAR (EXPRO+),Issued,Open Competition,2026-07-14T09:45:24,2026-09-17T13:00:00,2026-09-10T13:00:00,1,validation,"The activities will be performed in parallel with the Space Rider Programme Phase D.The scope of the procurement is to cover the activities related to the design, validation, installation, and operational support of a primary radar at the Landing Site in Santa Maria, Portugal.The system will be required to track Space Rider during the final part of its re-entry in order to verify that the descent trajectory is safe and nominal and, in case of anomalies, to support intervention actions aimed at neutralizing the spacecraft, thereby avoiding injuries to people and/or damage to property in the vicinity of the landing site.",https://esastar-publication-ext.sso.esa.int/ESATenderActions/details/190759
AMBER - due <=30 days,18,1-13202,187963,5G SPACE USER TERMINAL (ARTES 4.0 SPL 5G/6G 7A.080) - EXPRO+ - RE-ISSUE,Issued,Open Competition,2026-06-19T10:50:32,2026-09-18T13:00:00,2026-09-04T13:00:00,1,satellite,"The frontiers for the deployment of 5G cellular networks have grown beyond the limits of the Earth's atmosphere. The 3GPP cellular technologies have become attractive for exploration missions, such as Moon or Mars, as they can provide a standardised scalable, secure, high-capacity, and reliable connectivity. For Moon, the Space Frequency Coordination Group (SFCG) has recently identified several bands for Lunar missions for the deployment of existing Earth communication protocols that includes the cellular element. In parallel to the connectivity, 5G networks can also be used to enhance the performance of navigation services fores een in LunaNet.The communication services will be primarily de",https://esastar-publication-ext.sso.esa.int/ESATenderActions/details/187963
AMBER - due <=30 days,18,1-13569,190124,IHE1-2 SMALLSAT PROJECT 2026,Issued,Open Competition,2026-07-08T11:43:39,2026-09-18T13:00:00,2026-09-08T13:00:00,1,validation,"One of the main objectives of the Space strategy for Europe is to foster a globally competitive and innovative European space sector, in particular by improving support to technological maturation for sub-systems, equipment and technologies, including in-orbit demonstration and validation activities, to reduce time to market.To ensure the European Union non-dependence and competitiveness in technologies, there is a clear need for a regular, sustainable, cost-effective and responsive In Orbit Demonstration/Validation (IOD/IOV) service in the European Union. Space flight heritage in real conditions and environment is often required to de-risk innovations such as new technologies, products, con",https://esastar-publication-ext.sso.esa.int/ESATenderActions/details/190124
AMBER - due <=30 days,18,1-12996,192073,IN-ORBIT SECURE TELECOM LABORATORY (ARTES 4.0 SPL 4S 3E.031) - RE-ISSUE,Issued,Open Competition,2026-07-21T18:17:47,2026-09-18T13:00:00,2026-09-04T13:00:00,1,satellite,"Objective: The objective of the activity is to develop and deploy an advanced in-orbit laboratory infrastructure based on a LEO cubesat to test, assess and demonstrate in real space conditions innovative secure communications and security technologies needed to increase resilience and robustness of novel satellite telecommunication systems, as well as to measure the impact of space environment on them.Targeted Improvements:Enabling new security capabilities and technologies for future secure satellite communications, including novel, quantum resistant cryptographic technologies for networking protocols suitable for satellite communications, through in-orbit demonstration capabilities.Deliver",https://esastar-publication-ext.sso.esa.int/ESATenderActions/details/192073
AMBER - due <=30 days,18,1-13619,190392,LUNAR LINK REPURPOSING MISSION - PHASE 1 STUDY,Issued,Open Competition,2026-07-27T16:56:33,2026-09-18T13:00:00,2026-09-04T13:00:00,1,satellite,"This Phase 1 study focuses on the definition of a mission for the implementation of a communicationasset in cislunar orbit, to serve ESA's users needs as well as other IPs request, in complement andas precursor of Moonlight and building on the flight readiness of the Gateway Halo LunarCommunication System (HLCS), also known as Lunar Link.The study will assess adapting an existing/ recurrent or readily available satellite platform toaccommodate the Lunar Link and aims at identifying the possibility of accommodating one or morepayloads of opportunity, as secondary mission objective, depending on remaining available satelliteresources.",https://esastar-publication-ext.sso.esa.int/ESATenderActions/details/190392
AMBER - due <=30 days,22,1-13535,187338,DETECTOR ARRAY FOR LOW PHOTON APPLICATIONS IN THE 6-10 UM WAVELENGTH RANGE - EXPRO+,Issued,Open Competition,2026-07-06T15:35:05,2026-09-22T13:00:00,2026-09-15T13:00:00,1,quality,Objective: To manufacture a detector with sensitivity up to 10 um wavelength and perform its detailed performance assessment at operating temperatures down to 40 K.Description: The Near Earth Object Mission in the Infra-Red (NEOMIR hereafter) aims to overcome most of the issues encountered previously with respect to NEO (Near Earth Object) detection by regularly scanning an area not accessible by ground or other space-based NEO surveys. NEOMIR will be capable of detecting and characterizing new NEOs and - in the worst case of an imminent impactor - serve as an early warning system. The noise contribution from the detector and instrument on NEOMIR must be minimised to ensure the signal from s,https://esastar-publication-ext.sso.esa.int/ESATenderActions/details/187338
AMBER - due <=30 days,23,1-13505,187347,NAVISP-EL1-126-APPROXIMATE COMPUTING FOR LOW-POWER GNSS SIGNAL PROCESSING - EXPRO+,Issued,Open Competition,2026-07-03T12:07:43,2026-09-23T13:00:00,2026-09-16T13:00:00,1,processing,"General DescriptionThis activity explores the application of Approximate Computing (AxC) techniques to GNSS signal processing for reducing power consumption while maintaining acceptable accuracy. It focuses on implementing AxC in acquisition, tracking, and PVT stages of GNSS receivers. The study will identify suitable AxC methods, develop a prototype receiver supporting both exact and approximate modes, and evaluate performance in terms of power efficiency, accuracy, and correlation degradation. Test campaigns will use live and replayed GNSS data from various environments to validate the concept. For more info, visit https://navisp.esa.int/opportunity",https://esastar-publication-ext.sso.esa.int/ESATenderActions/details/187347
AMBER - due <=30 days,23,1-13493,187355,"SECURITY AWARE POSITION, VELOCITY AND TIME INTEGRITY CONCEPT - EXPRO+",Issued,Open Competition,2026-07-08T08:58:47,2026-09-23T13:00:00,2026-09-16T13:00:00,1,satellite,"ObjectivesTo develop an integrity concept leveraging Position, Velocity and Time (PVT) assurance solutions for safety critical applications.DescriptionSafety critical applications rely on integrity concepts based on protection levels and alerting schemes to bound the position error in nominal and failure scenarios under a given integrity risk. This allows estimating the worst-case user position systematically taking into account potential feared events. Similar integrity concepts and list of feared events can be developed considering the potential presence of intentional GNSS signal impairments.The Global Navigation Satellite System (GNSS) providers are implementing mechanism in order to pro",https://esastar-publication-ext.sso.esa.int/ESATenderActions/details/187355
AMBER - due <=30 days,25,1-13527,187383,DUAL-ACTIVE 5G NON-TERRESTRIAL NETWORK MODEM WITH SMART RESOURCE MANAGEMENT (ARTES 4.0 SPL 5G/6G 7A.089) - EXPRO+,Issued,Open Competition,2026-06-09T17:28:41,2026-09-25T13:00:00,2026-09-11T13:00:00,1,satellite,"Objective: The objective of the activity is to develop and test a 5G NTN dual active modem prototype with active resource management for improving link reliability and performance, whileoptimizing the space segment resources utilization.TargetedImprovements:-doubling the peak data rate compared to state of art modems.- reduction by half link outage time.Description: The need for a dual-active modem in 5G Non-Terrestrial Networks (NTN) arises from the growing demand for reliable, high-performance communication links particularly inscenarios where terrestrial networks are unavailable or unreliable. A dual-active NTN modem can maintain two simultaneous satellite links, significantly reducing th",https://esastar-publication-ext.sso.esa.int/ESATenderActions/details/187383
AMBER - due <=30 days,25,1-13578,189172,NAVISP EL1-120 RESILIENT PNT CRITICAL NATIONAL INFRASTRUCTURE VALIDATION TEST BENCH - EXPRO+,Issued,Open Competition,2026-07-29T16:40:25,2026-09-25T13:00:00,2026-09-18T13:00:00,1,validation,"This activity aims to develop a validation test bench for assessing resilience of PNT systems integrated into Critical National Infrastructure (CNI). It will survey typical CNIs and define use cases involving GNSS-based timing and positioning. The test bench willinject signal impairments, including jamming and spoofing, and measure performance impacts. Additional outputs include a machine-learning training database for interference detection, independent FTA/FMECA analyses, and a searchable Lessons Learned database. The goal is to enable CNI operators to prepare for, act during, and recover from PNT disruptions. For more info, visit https://navisp.esa.int/opportunity",https://esastar-publication-ext.sso.esa.int/ESATenderActions/details/189172
AMBER - due <=30 days,25,1-13572,189187,RESILIENT COMMUNICATION SYSTEM IN NON-GEOSTATIONARY HIGH-ALTITUDE INCLINED ELLIPTICAL ORBITS (ARTES 4.0 SPL 4S 3A.230) - EXPRO+ (ON DELEGATION REQUEST),Issued,Open Competition,2026-07-17T15:59:04,2026-09-25T13:00:00,2026-09-11T13:00:00,1,satellite,"The objective of this activity is to define the system requirements and the preliminary concept of a resilient communication systemoperating in non-geostationary high-altitude ellipticalorbits.TargetedImprovements: Enabling the development of high altitude inclined elliptical orbits satellite communications systems in ESA Member States for providing resilient communications.Description: Satcom satellites typically fly in Low Earth Orbit (LEO), Medium Earth Orbit (MEO), or Geostationary Orbit (GEO). However, high-altitude elliptical orbits (HEO) offer special features ofinterest to resilient and secure satcom systems. This includes in particular coverage of Europe and polar regions thanks to ",https://esastar-publication-ext.sso.esa.int/ESATenderActions/details/189187
GREEN - due >30 days,36,1-13525,187359,SUSTAINABLE WATER RESOURCES AND WETLAND ECOSYSTEMS MANAGEMENT - EXPRO+,Issued,Open Competition,2026-07-03T14:17:36,2026-10-06T13:00:00,2026-09-29T13:00:00,17,"drought, eo, hydrology, inland water, pollution, quality, river, water, wetland","Single procurement with 4 separate and independent contracts to develop scalable EO-based solutions: River Connectivity: Monitorriver connectivity and flow alterations, quantify impacts on river hydrology and aquatic ecosystems, and identify restoration opportunities. Inland Water Pollution: EO-based detection-attribution framework to monitor freshwater quality and link water pollution to the sources and drivers of pollution across rivers and lakes. Drought Risk Monitoring: EO-based drought risk monitoring framework to detect, characterise, and track drought conditions across river basins, supporting climate-resilient water management. Essential Wetland Variables for Wetland Condition: EO-ba",https://esastar-publication-ext.sso.esa.int/ESATenderActions/details/187359
GREEN - due >30 days,44,1-13646,192139,EVALUATION OF FAULT MITIGATION TECHNIQUESFOR NEUROMORPHIC HARDWARE ACCELERATOR - EXPRO PLUS,Issued,Open Competition,2026-08-18T10:55:45,2026-10-14T13:00:00,2026-10-07T13:00:00,11,"ai, autonomous, drone, edge, processing, validation","Objective: To analyse the impacts of fault propagation in spiking neural networks (SNN), propose design mitigation techniques, identify relevant neuromorphic IPs and select a baseline concept for implementation.Description: Future missions, including planetary landing, planetary exploration, docking, debris removal, space situational awareness, in-orbit servicing, etc. will need increased autonomy to address latency issues. This autonomy will rely on AI-driven computer vision and advanced computing capabilities. However,traditional neural network inferences typically require hardware platforms such as FPGAs or GPUs, which may consume anywhere from afew tens of watts to 100 watts. This high-p",https://esastar-publication-ext.sso.esa.int/ESATenderActions/details/192139
GREEN - due >30 days,74,1-13287,185953,SENTINEL-2 NEXT GENERATION SATELLITE PHASES B2CDE1,Issued,Open Competition,2026-04-29T10:38:56,2026-11-13T13:00:00,2026-10-30T13:00:00,9,"forest, image, quality, satellite, swir, water","The Copernicus Sentinel-2 Next Generation space component, which is the subject of this procurement, will ensure a seamless continuation of the current Sentinel-2 first generation capabilities, whilst increasing both the quantity and quality of the products. The development of the Sentinel-2 Next Generation (Sentinel-2 NG) Space Component aims to build upon and enhance the initial observations provided by the first generation. In particular, Sentinel-2 NG (S2NG) will respond to the needs of Copernicus Services, with particular emphasis to the Land Monitoring Service (CLMS) and the Emergency Management Service (CEMS), together with, as secondary objective, the Marine Environment Monitoring Se",https://esastar-publication-ext.sso.esa.int/ESATenderActions/details/185953
GREEN - due >30 days,44,1-13517,187385,ONBOARD AUTOMATIC IDENTIFICATION SYSTEM SPOOFING DETECTION MODULE FOR LOW-LATENCY AND RELIABLE MARITIME SURVEILLANCE (ARTES 4.0 SPL 4S 5A.096) - EXPRO+,Issued,Open Competition,2026-07-01T11:50:50,2026-10-14T13:00:00,2026-09-30T13:00:00,8,"ai, onboard, processing, quality, satellite, validation","Objective: The objective is to design, develop and test an Automatic Identification System (AIS) spoofing detection system onboard the satellite for satellite-based maritime surveillance, offeringreliable AIS information with low-latency.TargetedImprovements: Reduce by half the latency of detection of non-reliable reporting vessels compared to current technologies. Decrease reliance on ground-based infrastructures by enabling onboarddetection of deceptive AIS signals.Description: With approximately 90% of international trade travelling by sea, maritime routes are becoming increasingly congested. A reliable maritime domain awareness is thus paramount toaddress critical security (e.g. submarin",https://esastar-publication-ext.sso.esa.int/ESATenderActions/details/187385
GREEN - due >30 days,37,1-13589,190754,OPEN RADIO ACCESS NETWORK FRAMEWORK FOR THE END-TO-END MANAGEMENT OF REGENERATIVE NON-TERRESTRIAL-NETWORK ACCESS NODES (ARTES 4.0 SPL 5G/6G 3F.039),Issued,Open Competition,2026-07-10T12:09:26,2026-10-07T13:00:00,2026-09-23T13:00:00,7,"ai, artificial intelligence, machine learning, quality, satellite","Objective: The objective of the activity is to enhance the existing Open Radio Access Network (ORAN) framework to support 5G/6G Non-Terrestrial-Network (NTN) payloads, while integrating the ORAN adaptations with conventional ground segment control centres.Targeted Improvements:1) Adapt the of Enhanced Open Radio Access Network (ORAN) interfaces to support Non-Terrestrial-Network (NTN) 5G/6G payload2) Improve the ORAN Transport network layer3) Enable the Integration of ORAN interfaces into the ground segment operations for system interoperability4) Enable new applications for NTN payloads.Description: Open Radio Access Network (ORAN) specifications are on the brink of reforming the 3GPP radio",https://esastar-publication-ext.sso.esa.int/ESATenderActions/details/190754
GREEN - due >30 days,38,1-13561,188558,SECURE ON-BOARD AND ACCESS CONTROL ROUTER FOR FUTURE SATELLITE COMMUNICATIONS SYSTEMS (ARTES 4.0 SPL 4S 5A.097) - EXPRO+,Issued,Open Competition,2026-07-23T09:22:38,2026-10-08T13:00:00,2026-09-24T13:00:00,7,"on-board, onboard, processing, satellite, validation","Objective: The objective of the activity is to develop an on-board router with secure tagging, access control and filtering capabilities suitable to route traffic from users with different securitypriorities (e.g. commercial, governmental, etc.) to support future LEO, MEO and multi-orbit satellite communications systems.TargetedImprovements: Enabling novel capability, not existing today inESA MS, which will allow to route securely user traffic with different security constraints in large satellite communicationsconstellations.Description: Due to the increasingly shared nature of satellite communication systems, specifically at the level of the payload and inter-satellite links, there is a ne",https://esastar-publication-ext.sso.esa.int/ESATenderActions/details/188558
GREEN - due >30 days,37,1-13583,189183,ADHA INSTRUMENT CONTROLLER UNIT (ICU) - EXPRO+,Issued,Open Competition,2026-08-04T11:20:55,2026-10-07T13:00:00,2026-09-30T13:00:00,5,"ai, processing, satellite, validation","Objective:To develop an ADHA-compliant Instrument Controller Unit (ICU) usable standalone or with standard ADHAhardware for Earth, exploration, science, and navigation missions.Description:The ADHA (Advanced Data Handling Architecture) is a collaboration between ESA, European satellite primesand data handling equipment suppliers. It includes the definition of an architecture for data handling unit basedon standard module functions. A standard module procurement flow has been defined -- as well as astandardized backplane connector and electrical interfaces. This allows independent development ofinteroperable modules that can be connected in ADHA units. This activity aims to develop an ADHA-co",https://esastar-publication-ext.sso.esa.int/ESATenderActions/details/189183
GREEN - due >30 days,39,1-13545,187367,STEPPING STONE MISSION DEFINITION STUDY,Issued,Open Competition,2026-07-21T11:08:36,2026-10-09T13:00:00,2026-09-25T13:00:00,5,"earth observation, eo, quality, validation","Stepping Stone Missions are a new class of user driven Earth Observation missions designed to address gaps in the current EO ecosystem by delivering quality certified data and services tailored to environmental policy needs at European and global level. They build on and complement existing reference missions and infrastructures, while targeting observation domains and sampling requirements not adequately covered today. A key characteristic is their service oriented and commercially minded nature: missions are conceived from the outset to enable operational services, foster downstream applications, and evolve into scalable, privately operated constellations once their performance and utility",https://esastar-publication-ext.sso.esa.int/ESATenderActions/details/187367
GREEN - due >30 days,31,1-13532,187330,AURION ADVANCING UNDERSTANDING THROUGH RESEARCH AND INDUSTRY-ORIENTED CO-DESIGN OF NEW MISSIONS - EXPRO PLUS,Issued,Open Competition,2026-07-02T16:54:58,2026-10-01T13:00:00,2026-09-17T13:00:00,4,"earth observation, processing, river","AURION aims to establish a structured pre-Phase-0 co-design environment in which scientific ambition and industrial feasibility aredeveloped concurrently to define credible, innovative Earth Observation mission concepts.The activity targets mission concepts at SRL =3 that have not previously been assessed within ESA, and enables their maturation through joint science-industry system-level design, including early assessment of technical feasibility, cost drivers, and programmatic viability.AURION studies are characterised by:Joint science-industry leadership (mandatory co-design) Concurrent SRL and TRL maturationFocus on novel mission concepts, not incremental extensions Early integration of ",https://esastar-publication-ext.sso.esa.int/ESATenderActions/details/187330
GREEN - due >30 days,1218,4-40047,186398,INCUBED CALL FOR PROPOSAL: STANDARD CALL FOR PROPOSALS,Issued,Call for Proposals,2026-06-16T14:03:35,2029-12-31T13:00:00,2029-12-17T13:00:00,3,"earth observation, eo","The InCubed Element of the European Earth Watch Programme (InCubed) aims to accompany European economic operators in the rapid evolution of the Earth Observation market, both in Europe and globally. InCubed introduces a dedicated process within ESA Earth Observation programmes to strengthen and stimulate the development of near-to-market commercial initiatives in partnership with industry. Activities supported under InCubed include the development and/or demonstration of space assets (e.g. missions, instruments, prototype elements of EO constellations), innovative mission management solutions (including for future EO constellations), as well as the development of ground, data, and applicatio",https://esastar-publication-ext.sso.esa.int/ESATenderActions/details/186398
GREEN - due >30 days,35,1-13543,187960,PRELIMINARY DESIGN OF A TEST FACILITY FOR IRIS2 GOVERNMENTAL USER TERMINALS PRE-CONFORMANCE - EXPRO+,Issued,Open Competition,2026-07-13T15:03:59,2026-10-05T13:00:00,2026-09-21T13:00:00,2,edge,"The objective of the activity is to perform the preliminary design (corresponding to Phase 0/A/B1) of a test facility able to perform pre-conformance testing and qualification of IRIS2 governmental User Terminals. The facility aims at addressing RF/modem conformance testing for IRIS2 regenerative and transparent modes. The scope of testing shall cover all required functions for IRIS2 type approval, such as compliance to the Air Interface, edge cases of multi-orbit handover, network entry, among others.",https://esastar-publication-ext.sso.esa.int/ESATenderActions/details/187960
GREEN - due >30 days,42,1-13668,193153,GT1I-805GA SECURITY FRAMEWORK FOR AI APPLICATIONS (EXPRO+),Issued,Open Competition,2026-08-25T11:59:06,2026-10-12T13:00:00,2026-10-05T13:00:00,2,ai,"Increasingly, advances in AI applications, models, and big data capabilities are making their way intoproductive applications. Roadmaps exist to introduce AI technologies into critical functional and operationaldomains. With new technology spin-ins like AI, cybersecurity must be accounted for, considering new attacksurfaces and vulnerabilities. Currently, no specialized approach exists forsystems with AI components,necessitating an ad-hoc approach for each system. To avoid redundant efforts, a coherent security approachfor AI applications in the space domain should be defined. Common mitigation measures for identified threatsand risks related to data and models need to be integrated into the",https://esastar-publication-ext.sso.esa.int/ESATenderActions/details/193153
GREEN - due >30 days,46,1-13574,189180,GT17-883GS ALL-DIGITAL GROUND STATION,Issued,Open Competition,2026-08-07T10:08:17,2026-10-16T13:00:00,2026-10-02T13:00:00,2,"processing, satellite","The signal processing approach of satellite ground station back-ends is undergoing a major conceptual changeworldwide: instead of processing the signal in the back-end in the classical way with a dedicated up-/ downlinkchain, there is the more flexible approachof sampling the signal directly before transmission / after reception. Thisstep also includes the up- and down-conversion. Thereafter the data is transferred via the network using theDigital Intermediate Frequency Interoperability (DIFI) protocol and processed on a Software Defined Radio (SDR)platform (instead of a classical modem). Commercialisation of this concept is on-going on both sides: the classicalmodem/back-end providers and t",https://esastar-publication-ext.sso.esa.int/ESATenderActions/details/189180
GREEN - due >30 days,52,1-12945,191340,LOW POWER KA-BAND DIRECT CONVERSION RECEIVER MODULE (ARTES AT 5C.525) - EXPRO+ (ON DELEGATION REQUEST),Issued,Open Competition,2026-08-05T18:31:17,2026-10-22T13:00:00,2026-10-08T13:00:00,2,"processing, satellite","The objective: The objective of the activity is to design, manufacture and test a 12bit direct conversion receiver module covering the full Ka-band with significant reduced power consumption in comparison to current state of the art.Targeted Improvements:- Enabling a European source of low power direct conversion Ka-band receivers.- Factor 5 reduction of power consumption compared to the State of the Art.Description: Today's flexible telecommunication satellites require receivers operating at higher frequencies and over a wider bandwidth than in the past, with a complex RF chain and lossyharnesses. A trend towards highly integrated solutions using direct sampling receivers compatible with So",https://esastar-publication-ext.sso.esa.int/ESATenderActions/details/191340
GREEN - due >30 days,37,1-13634,191342,HIGHLY ACCURATE RELIABLE AND PRECISE GNSS POSITIONING WITH QUANTUM OPTIMIZATION - EXPRO+,Issued,Open Competition,2026-08-04T09:24:36,2026-10-07T13:00:00,2026-09-30T13:00:00,1,processing,"ObjectivesDeriving algorithms and their optimal settings for enabling real-time highly accurate and reliable navigation based on GNSS carrier phase measurements exploiting quantum optimization algorithms.DescriptionHigh Accuracy with GNSS requires usage of phase measurements, which are ambiguous. Carrier phase Ambiguity Resolution (AR) is a stochastic process which requires a minimizationsearch for the correct ambiguities which can require a very large search to find the correct solution.In recent years, a series ofquantum algorithms for mathematical optimisation has been formulated which could be exploited to replace the classical approaches, such as those currently in use for GNSS AR. Quan",https://esastar-publication-ext.sso.esa.int/ESATenderActions/details/191342
GREEN - due >30 days,45,1-13640,191339,ANONYMITY AND POST QUANTUM SECURITY SUBSCRIBER IDENTITY MODULE (SIM) TECHNOLOGY FOR 5G/6G NTN (ARTES 4.0 SPL 4S 3D.040),Issued,Open Competition,2026-07-29T14:38:13,2026-10-15T13:00:00,2026-10-01T13:00:00,1,satellite,"Objective: The objective of the activity is to develop advanced and post-quantum Subscriber Identity Module (SIMs) for 5G/6G NTN. The focus is to improve user anonymity for robust non-terrestrialnetworks (NTNs) used for governmental applications which have a more urgent need for post-quantum anonymity protection than the commercial market. These SIMs shall implementsecurity improvements of the part of the primary authentication protocol which is implemented in the SIM. Additionally, the corresponding SIM provisioning infrastructure and the corenetwork responsible for the communication with the SIMs will be developed.TargetedImprovements: Enablinga European or Canadian source for robust NTN S",https://esastar-publication-ext.sso.esa.int/ESATenderActions/details/191339
GREEN - due >30 days,46,1-13635,191338,S3-PD-01 NEOMIR PHASE B1,Issued,Open Competition,2026-08-21T09:18:26,2026-10-16T13:00:00,2026-10-02T13:00:00,1,satellite,"The purpose of this activity is to study in detail the system and subsystem requirements for a planetary defence mission that aims at building a space-based infrared telescope dedicated to detection and characterisation of Near-Earth Objects (NEOs) that approach from the direction of the Sun. The mission builds on extensive work done by the Agency and European industry between 2022 and 2026. The target is to reach a consolidated mission and satellite architecture, finalize the major trade-offs and generate system and subsystem level requirements. In particular, the study will provide a consolidated spacecraft design and payload interface supported by detailed analyses and prepare the impleme",https://esastar-publication-ext.sso.esa.int/ESATenderActions/details/191338
GREEN - due >30 days,1218,4-40048,187346,NAVISP ELEMENT 2 STANDARD CALL FOR PROPOSALS,Issued,Call for Proposals,2026-05-19T11:39:57,2029-12-31T13:00:00,2029-11-01T13:00:00,1,satellite,"Under NAVISP Element 2, the Agency issues this permanently open Standard Call for Proposals without procurement, using Cooperative Agreements as contractual instrument.This Standard Call for Proposals without procurement aims to enhance Participant States' industrial competitiveness in the evolving Positioning, Navigation, and Timing (PNT) sector. Industry is invited to submit proposals to develop innovative and competitive PNT-related products. The Agency accepts proposals from both space and non-space companies, including large companies, mid-caps, small enterprises, and start-ups. Proposed products may address the satellite space segment, ground infrastructure, and user segment, including",https://esastar-publication-ext.sso.esa.int/ESATenderActions/details/187346
BLUE - monitor/no deadline,,1-13686,193752,DIGITAL TWIN OF ATTITUDE AND ORBIT SENSORS - EXPRO+,Intended,Open Competition,,,,12,"ai, artificial intelligence, autonomous, machine learning, on-board, satellite, thermal, validation","Objective:To develop and test a model for a digital twin of attitude and orbit control system (AOCS) sensors as well as toassess compatibility of this multi-physics model-based digital twin with on-board self-calibration employing datadriven techniques and withthe simplification of ground verification processes of new satellite platforms.Description:Advances in model based engineering and digital twin (DT) development has led to growth in the interest of multiphysic modelling of space systems, including, for example, AOCS sensors. The AOCS sensor DTs includefunctional and performance behaviour, complemented by physical behaviour (thermal, power, electronic, etc.), as well as failure and degr",https://esastar-publication-ext.sso.esa.int/ESATenderActions/details/193752
BLUE - monitor/no deadline,,1-13486,186396,SUSTAINABLE MINERAL RESOURCES MANAGEMENT - EXPRO+,Intended,Open Competition,,,,7,"earth observation, eo, quality, water","Sustainable mineral resource management involves the responsible extraction, use, and conservation of mineral resources to meet present needs without compromising the ability of future generations to meet theirs. It emphasizes efficient mining practices, minimizing environmental impacts, and restoring ecosystems after extraction. An important component of this approach is the use of Earth observation technologies, which allow the detection of (critical earth) minerals, continuous monitoring of mining activities, land degradation and water quality. The development of novel EO solutions and tools improve transparency, support better decision-making, andhelp detect unsustainable practices in ne",https://esastar-publication-ext.sso.esa.int/ESATenderActions/details/186396
BLUE - monitor/no deadline,,1-13620,190773,IN-ORBIT EXPERIMENT OF INTELLIGENT AUTONOMOUS AVIONICS ENABLING MULTI-ENVIRONMENT SATCOM SATELLITE OPERATION IN LEO (ARTES AT 3E.033) (ON DELEGATION REQUEST),Intended,Open Competition,,,,6,"autonomous, on-board, satellite, thermal","Objective: The objective of the activity is to design, develop, launch and test autonomous and intelligent avionics enabling satcomconstellation satellites to operate autonomously across multiple environmental conditions in Low Earth Orbit (LEO). Breadboarding and in-orbit testing of critical platform functions including health monitoring, orbital control and resourcemanagement will be carried out. As part of the in-orbit experiment, a payload technology demonstrator will be developed to experiment with innovative approaches of autonomous payload configuration and control.Targeted Improvements: Enabling autonomous operation and reconfiguration of a satellite in a range of orbital LEO environ",https://esastar-publication-ext.sso.esa.int/ESATenderActions/details/190773
BLUE - monitor/no deadline,,1-13489,186403,MULTI WAVELENGTH LASER SOURCE FOR CO-PACKAGED HIGH SPEED SERIAL LINKS (ARTES 4.0 SL SPL 5F.054) - EXRPO+ (ON REQUEST),Intended,Open Competition,,,,6,"on-board, onboard, satellite, thermal","Objective: The objective of this activity is to develop and test a multi-wavelength, multi-port light source for space applications. The source will need to be energyefficient, compact and able to generate continuous-wave multiple wavelengths output.TargetedImprovements:The multi-wavelength laser is needed to enable high-speed and high-density co-packaged optics data interconnects for space applications.Description: Modern telecommunication satellites use onboard digital processors to meet growing traffic demands. These high throughput processors can handle Tbpsof intra-processor traffic thanks to the adaptation of optical interconnects in placeof traditional electrical harness. When co-pack",https://esastar-publication-ext.sso.esa.int/ESATenderActions/details/186403
BLUE - monitor/no deadline,,1-13455,185939,POWER EFFICIENT FAST FOURIER TRANSFORM IP CORE - EXPRO PLUS,Intended,Open Competition,,,,6,"image, onboard, processing, remote sensing, sar","Objective: To develop and refine a power efficient Fast Fourier Transform IP Core for FPGA/ASIC implementationDescription: This activity focuses on the design, development and testing of a Fast Fourier Transform (FFT) block to be used in space applications, which is to be developed as a configurable, reusable IP Core. A reusable IP Core is a hardware model, normally described in VHDL, which is fully verified and can be used as a building block in designs for several targets, such as FPGAs from different vendors or as an ASIC, providing savings in mission costs and development times. The developed IP shall be able to solve complex FFT / inverse FFT; convolve and correlate vectors in frequency",https://esastar-publication-ext.sso.esa.int/ESATenderActions/details/185939
BLUE - monitor/no deadline,,1-13480,186386,CDSE ONBOARDING FOR COMPLEMENTARY DATASETS,Intended,Open Competition,,,,5,"earth observation, onboard, processing","The Copernicus Data Space Ecosystem (CDSE) continues to expand its portfolio by onboarding new, high-value Earth Observation datasets that further strengthen the platform's scientific, operational, and analytical capabilities.This procurement invites contractorsto fully integrate these datasets into the CDSE, building on the platform's open and extensible architecture to ensure seamless ingestion, publication, and access through scalable, standardised interfaces.The activity will enhance user experience by enabling richer interactive visualisation, detailed data exploration, and advanced data processing across the ecosystem.",https://esastar-publication-ext.sso.esa.int/ESATenderActions/details/186386
BLUE - monitor/no deadline,,1-13584,189182,DETERMINISTIC ETHERNET SPACE TIME-SENSITIVE NETWORKING SOFT IP CORE - EXPRO+,Intended,Open Competition,,,,5,"onboard, quality, river, validation","Objective:To develop a technology independent soft IP (Intellectual Property) core that complies with the aerospace profile of TSN(Time Sensitive Networking).Description:TSN (Time-Sensitive Networking) and TTE (Time Triggered Ethernet) are the two technologies that allow to deliver determinism and quality of service on top of standard Ethernet networks. Since TTE can be considered relatively closed technology (i.e. proprietary solution, patents pending on the technology), since a few years TSN is emerging as a potential successor of that technology. TSN is IEEE supported set of standards that implements wide range of quality of services (i.e. reliability, determinism, mixed criticality traff",https://esastar-publication-ext.sso.esa.int/ESATenderActions/details/189182
BLUE - monitor/no deadline,,1-13672,193149,USER MANAGEMENT SERVICE (UM-SER),Intended,Open Competition,,,,5,"ai, earth observation, quality","The User Management Service contract will encompass a comprehensive suite of offeringsdesigned to support and enhance user interactions and experience for ESA and Third PartyEO Missions.This service contract aims at integrating the User Communication and Information Portaltogether with the User Management functions, covered in the past by separate contracts,whereby ensuring autonomy to Industry in designing and using communication tools asadditional instrument to reach and stimulate a dynamic and variegated user community.The Information Portal is expected to provide seamless access to relevant content and data,Graphical and Editorial Servicesshall deliver visually engaging and professionall",https://esastar-publication-ext.sso.esa.int/ESATenderActions/details/193149
BLUE - monitor/no deadline,,1-13528,187350,ARTES 4.0 SPL 4S 5A.087 REGENERATIVE TRANSPONDER WITH BUILT-IN SIGNAL SECURITY PROCESSING FOR USER AUTHORISATION - RE-ISSUE (1-12189),Intended,Open Competition,,,,4,"on-board, processing, satellite",The objective of the activity is to develop technology to prevent non authorised usage of satellite communication bandwidth throughthe implementation and enforcement of on-board authentication protocols. During this activity+ a breadboard that implements such protocol will be developed in a laboratory environment.,https://esastar-publication-ext.sso.esa.int/ESATenderActions/details/187350
BLUE - monitor/no deadline,,1-13618,190755,CONSOLIDATION OF A FULL G-NODEB FOR SPACE BASED ON A EUROPEAN SIGNAL PROCESSING PLATFORM (ARTES 4.0 SPL 5G/6G 3F.089) - EXPRO+,Intended,Open Competition,,,,4,"ai, processing, satellite","Objective: The objective of the activity is to develop a European g-NodeB (gNB) hardware and software protocol stack architecture for regenerative NGSO satellite with a fully European signal processing platform, i.e., both hardware and softwareTargeted Improvements: Enabling a European full gNB in Space for regenerative 5G/6G broadband satellite systems not existing today in ESA Member StatesDescription: The 3GPP standardisation group has defined the necessary features and enhancements in 5G mobile broadband systems tosupport non-terrestrial network (NTN) since Release 17 in 2022. The upcoming 6G NTN integration into the terrestrial telecom systemenables new features such as:a. Seamless inte",https://esastar-publication-ext.sso.esa.int/ESATenderActions/details/190755
BLUE - monitor/no deadline,,1-13656,192546,ERS-EO PROOF OF CONCEPT TO SUPPORT ENHANCED PROTECTION OF CRITICAL INFRASTRUCTURE,Intended,Open Competition,,,,4,"earth observation, eo, satellite","ERS-EO Proof of Concept on Critical Infrastructure ManagementThe ERS-EO Element 1 Critical Infrastructure Monitoring Prof of Concept is intended to demonstrate the step improvement for enhanced monitoring and management of critical infrastructure resulting from the effective combination of diverse EO and non-EO capabilities representative of the future Earth Observation Governmental Service (EOGS) capacity. In particular, the customization and fusion of these capabilities will generate significant improvements in tasking response, persistent data collection, information delivery latency, expanded information content andflexibility and adaptability in response to dynamic situations. In this c",https://esastar-publication-ext.sso.esa.int/ESATenderActions/details/192546
BLUE - monitor/no deadline,,1-13690,193773,HE-ESA-035-STAGE 1 EGNOS NEXT: SYSTEM OF SYSTEMS ENGINEERING TRADE-OFFS,Intended,Open Competition,,,,4,"quality, uav","HE-ESA-035 Stage 1 - EGNOS NEXT: System of Systems engineering trade-offsThe activity aims at performing system studies supporting the definition and future development of EGNOS as a system of segments providing complementary services (Rail, UAV, Automotive, Maritime) to the current version of EGNOS implementing ICAO standards. This activity belongs to Galileo/EGNOS Upstream RD which is part of the space component of Horizon Europe, under which, in line with the signed FFPA and relevant Contribution Agreement, ESA isdelegated by the European Commission to manage this activity. ESA adapted procurement rules will apply as per the ITT to be published (open Competition in 2 stages). ESA reserves",https://esastar-publication-ext.sso.esa.int/ESATenderActions/details/193773
BLUE - monitor/no deadline,,1-13671,193156,M-IND - INDUSTRIALISATION OF MID-SIZE PLATFORMS FOR LEO CONSTELLATIONS (SAR OPTICAL),Intended,Open Competition,,,,4,"earth observation, sar, satellite","Multiple studies on ""Industrialisation of mid-size platforms for LEO constellations in Earth Observation"". This activity is part of the ""vertical axis"" of the M-IND (Mid-size satellite INDustrialisation) initiative and it is intended for mid-size satellite integrators in order to support the scaling-up of the production of European mid-size satellite (100-500 kg) for Earth Observation applications with LEO constellations. It complements the ""horizontal axis"" of M-IND, where separate technology activities, mostly fundedunder GSTP, will support Equipment suppliers to modernise and industrialise Equipment for sub-systems in mid-size satellites.This activity will focus on the definition and esta",https://esastar-publication-ext.sso.esa.int/ESATenderActions/details/193156
BLUE - monitor/no deadline,,1-13643,192135,MAINTENANCE AND EVOLUTION OF THE ASGARD LIBRARY - EXPRO+,Intended,Open Competition,,,,4,"earth observation, processing, validation","ASGARD library is a reusable software component providing the geometric computation services required by modern Earth Observation processing systems within the EOPF ecosystem. The primary objective of this activity is the operational qualification, maintenance, and evolution of ASGARD, including performance hardening, validation, and support to its downstream integration and use.",https://esastar-publication-ext.sso.esa.int/ESATenderActions/details/192135
BLUE - monitor/no deadline,,1-13476,186388,RADIATION EFFECTS INSIDE THE SPACECRAFT COMPATIBLE WITH ADHA DEVELOPMENT- EXPRO+,Intended,Open Competition,,,,4,"on-board, satellite, thermal","Objective: To develop a breadboard of a radiation detection unit based on Advanced Data Handling Architectures (ADHA) in order to minimise on-board resources, while improving the integration and deployment.Description: The Agency has had success developing and flying radiation monitors, starting with the REM in the 90's, the SREM in the 2000s, and the EMU and NGRMs since 2017. These monitors have all been self contained and externally mounted, with masses and power requirements exceeding 1 kg and 2 W - low resource, butnot insignificant. Some of these instruments have housed dosimeters, but none have provided measurements within the other spacecraft units. At the moment, there are no low res",https://esastar-publication-ext.sso.esa.int/ESATenderActions/details/186388
BLUE - monitor/no deadline,,1-13638,191328,ADVANCED METHODS FOR RESILIENCE ACTIVITY - EXPRO+,Intended,Open Competition,,,,3,"eo, processing, satellite","This ITT will implement the new developments related to signal processing techniques for enhanced feature/target characterization, integrating passive sensing with satellite EO for enhanced situation awareness, and development of improved processing service chains integrating advanced signal processing modules into operationally relevant frameworks.",https://esastar-publication-ext.sso.esa.int/ESATenderActions/details/191328
BLUE - monitor/no deadline,,1-13504,187373,ERS-EO SPACE RESILIENCE NODES USER NEEDS HARMONISATION STUDY - EXPRO+,Intended,Open Competition,,,,3,"earth observation, eo","As part of the European Resilience from Space - Earth Observation (ERS-EO) Element 2 Programme, and in line with the Space Resilience Node (SRN) Workplan 2026 approved on 26th February 2026, ESA intends to issue a competitive tender (ERS-SRN-02) for one (1) harmonization study (up to 300k, 5 - 12 months) which will consolidate the findings from individual SRN User Needs Studies (see Tender Action 1000046333). The objective of the study is to derive or confirm common user needs and requirements for SRNs to inform the SRN Reference Framework, and to identify gaps in space-enabled products to support SRN users' public protection and disaster response activities.",https://esastar-publication-ext.sso.esa.int/ESATenderActions/details/187373
BLUE - monitor/no deadline,,1-13440,185698,FLEXIBLE DIGITAL COHERENT OPTICAL MODULE FOR OPTICAL COMMUNICATION (ARTES 4.0 SL SPL 5H.016),Intended,Open Competition,,,,3,"processing, river, satellite","Objective: The objective of this activity is to develop the required digital processing hardware needed for an optical transceiver supporting multiple optical waveformsat different data rates on a single wavelength.TargetedImprovements:Provide a European solution for a flexible space optical communication coherent modem capable of reaching 100 Gbps.Description: Multiple optical transceivers are being proposed and developed by emerging suppliers in Europe. These transceivers are either already available for theterrestrial market or are currently under development for satellite applications. Some suppliers aim for less complex products, targeting 2.5 Gbps links,while some others utilise advanc",https://esastar-publication-ext.sso.esa.int/ESATenderActions/details/185698
BLUE - monitor/no deadline,,1-13566,188555,IMPLEMENTATION AND ENGINEERING MODEL TESTING OF IP BLOCKS FOR IMAGE SENSOR OUTPUTS FASTER THAN 1 GBIT/S,Intended,Open Competition,,,,3,"earth observation, image","Objectives:To have a fully European IP block to be used by European Image Sensor designers heavily dependent onnon-European sources. The objective of this activity is to design and validate high throughput serial outputsfor image sensors for dual use applications.Description:The future of infrared and visible sensors (larger formats, smaller pixels, fast frame rates) is tightly linkedtothe ability to read them out fast, but European detector manufacturers have not yet developed thecapability to adopt newer and faster communication protocols.In applications like Earth Observation, there is trend in image sensors towards more pixels and faster framerates, with analogue to digital conversion pe",https://esastar-publication-ext.sso.esa.int/ESATenderActions/details/188555
BLUE - monitor/no deadline,,1-13673,193152,LUNAR EUROPEAN POWER PACKS: SYSTEM-LEVEL CONCEPT STUDY (E3CX-033) - EXPRO PLUS,Intended,Open Competition,,,,3,"autonomous, thermal","This Lunar European Power Pack aims to accelerate the maturation of European thermal control and power systems as well as related electronics equipment enabling lunar night survival and lunar night operations in the frame of the ESA lunar roadmap. The output of the Lunar European Power Pack will be a European lunar end-to-end integrated advanced power pack validated design providing thermal control and power as a service to surface Payloads if integrated in the relevant mission's baseline. To enable sustained surface operations on the Moon, robust and autonomous power and thermal services are essential. These systems must be able to support a range of external clients including systems and p",https://esastar-publication-ext.sso.esa.int/ESATenderActions/details/193152
BLUE - monitor/no deadline,,1-13655,192612,NON-BODY SOLID WASTE COMPACTION AND INHIBITION,Intended,Open Competition,,,,3,water,"Objective: To develop a breadboard demonstrating single-step waste inhibition and compaction and characterize cross-linked biodegradable materials compatible for this process.Description: Re-supply and waste management are critical components of crewed space exploration. The current waste management approach exposes the crew to (bio)safety risks during the temporary storage period and is unpractical in longer space missions. Generic waste compaction/inhibition technologies of mixed waste materials in space have been generally studied. However, despite promising results on the volume reduction performance, the physical characteristics of the product obtained allow for limited transformation o",https://esastar-publication-ext.sso.esa.int/ESATenderActions/details/192612
BLUE - monitor/no deadline,,1-13498,187382,PHOTONICS-BASED OPTICAL APERTURE FOR LASER COMMUNICATION TERMINALS (ARTES 4.0 SL SPL 5F.056) - EXPRO+,Intended,Open Competition,,,,3,"processing, quality, satellite",Objective: The objective of the activity is to develop and test a thin optical aperture leveraging advances in integrated photonic technology to reduce the size andweight of space-based optical communication terminals.TargetedImprovements:Reduction of both size and weight of satellite laser communication terminals by 50%.Description: Optical communication terminal solutions with lower size and weight are required to serve the increasing role of small spacecraft for satellitecommercialisation by maximising the amountof payload space for mission-enabling processing or sensors. State-of-the-art optical communicationterminals are often too bulky and heavy for such small platforms and a leap in t,https://esastar-publication-ext.sso.esa.int/ESATenderActions/details/187382
BLUE - monitor/no deadline,,1-13648,192543,SADRR1: USER ENGAGEMENT AND CAPACITY BUILDING,Intended,Open Competition,,,,3,"earth observation, eo","This tender covers stakeholder and user engagement, coordination, requirements consolidation, communication and capacity building relating to the development of Earth Observation (EO) services for climate change adaptation and disaster risk reduction in Bangladesh, Bhutan, India, the Maldives, Nepal, Pakistan and Sri Lanka. It is one of two tenders being implemented as part of the 'Support toDisaster Risk Reduction through Earth Observation and Climate Services in South Asia' (SADRR) initiative (2026-2029), which is being carried out in partnership with the Coalition for Disaster Resilient Infrastructure (CDRI), and funded by the Directorate-General for International Partnerships (DG INTPA) ",https://esastar-publication-ext.sso.esa.int/ESATenderActions/details/192543
BLUE - monitor/no deadline,,1-13650,192542,SADRR2: EO PRODUCT AND FRAMEWORK DEVELOPMENT,Intended,Open Competition,,,,3,"earth observation, eo","This tender covers the development of products and frameworks for users and stakeholders of Earth Observation (EO) services for climate change adaptation and disaster risk reduction in Bangladesh, Bhutan, India, the Maldives, Nepal, Pakistan and Sri Lanka. This tender is one of two being implemented as part of the 'Support to Disaster Risk Reduction through Earth Observation and Climate Services in South Asia' (SADRR) initiative (2026-2029). The initiative is being carried out in partnership with the Coalition for Disaster Resilient Infrastructure (CDRI) and is funded by the Directorate-General for International Partnerships (DG INTPA) as part of the Global Gateway initiative.",https://esastar-publication-ext.sso.esa.int/ESATenderActions/details/192542
BLUE - monitor/no deadline,,1-13621,190749,T709-903GA SELF-HEALING ARCHITECTURES FOR CYBER RESILIENT GROUND SEGMENT SYSTEMS (EXPRO+),Intended,Open Competition,,,,3,"autonomous, machine learning","Today, mission ground segment systems face increasingly sophisticated and fast-movingcyber threats that can evade static or rule-based detection tools and overwhelm traditionalrecovery procedures. As attacks grow more pervasive, dynamic and subtle, currentapproaches, such as rule-based or ticket driven responses struggle to react at the requiredspeed, resulting in prolonged attacker dwelltime and potential disruption of critical missionoperations, if an attack is detected at all.Real-time automated responses or self-healing' mechanisms, such as fall-back tosecure/minimum configurations, runtime policy/rule change, trusted state reconstitution, orrapid tear-down and re-deploy of compromised s",https://esastar-publication-ext.sso.esa.int/ESATenderActions/details/190749
BLUE - monitor/no deadline,,5-50197,193361,TWELFTH FIXED CALL FOR PROPOSALS UNDER THE PLAN FOR EUROPEAN COOPERATING STATES (PECS) IN BULGARIA,Intended,Call for Proposals,,,,3,"agriculture, earth observation","The European Space Agency and the Ministry of Innovation and Digital Transformation of the Republic of Bulgaria hereby invite you to submit a proposal for the above Call for Proposals, which will be soon published in esa-star. While it is made visible to all ESA Member States, Associate Members and European Cooperating States, this CfP will be addressed only to Bulgarian legal entities registered in ESA-STAR, as prime tenderer and foresees the following standard activity types: Type A Research and Preparatory Activities, aimed at the preparation for participation in ESA optional programmes or the initial steps of a product development for Space, with potential for use on future ESA missions ",https://esastar-publication-ext.sso.esa.int/ESATenderActions/details/193361
BLUE - monitor/no deadline,,1-13628,191329,ADHA SECURITY MODULE - EXPRO+,Intended,Open Competition,,,,2,"satellite, validation","Objective: To derive a standard set of requirements for the ADHA (Advanced Data Handling Architecture) Security Module and implement a prototype form-factor equivalent ADHA module.Description: The ADHA (Advanced Data Handling Architecture) has been initiated through a collaboration between ESA, European satellite primes and data handling equipment suppliers. The initiative has resulted in the agreement on an architecture for data handling unit based on standard module functions. A standard module procurement flow has been defined, as well as a standardized backplane connector and electrical interfaces. This allows independent development of interoperable modules that can be connected togethe",https://esastar-publication-ext.sso.esa.int/ESATenderActions/details/191329
BLUE - monitor/no deadline,,1-13548,188554,"BG_AD07 BULGARIAN EO APPLICATIONS CONSOLIDATION MARITIME SURVEILLANCE, CRITICAL INFRASTRUCTURE AND EXTRACTIVES MANAGEMENT - EXPRO+",Intended,Open Competition,,,,2,"eo, river","This activity aims at consolidating Bulgarian EO applications in the following three domains: (1) Integrated Maritime Surveillance- Maritime safety, security, and situational awareness in Bulgaria's Exclusive Economic Zone and adjacent marine areas, by developing systems and methods to combine multiple data sources into one coherent maritime picture. (2) Critical Infrastructure Security - Integration of EO-derived information, ground-based sensor network data and transponder data to support enhanced resilience within Bulgarian critical infrastructure such as road and rail transport networks, port and river transport infrastructure, energy generation, transmission and storage infrastructure a",https://esastar-publication-ext.sso.esa.int/ESATenderActions/details/188554
BLUE - monitor/no deadline,,1-13469,185955,COMPATIBILITY VALIDATION TESTBED OF THE OPTICAL HEAD AND ITS CONTROL OF OPTICAL COMMUNICATION TERMINALS (ARTES 4.0 SL SPL 5H.015),Intended,Open Competition,,,,2,"satellite, validation","Objective: The objective of this activity is to develop a testbed that will test the interoperability between different suppliers of optical communication terminals. Thisshall include free-space optics testing to evaluate the pointing, acquisition, and tracking performance.TargetedImprovements:To enable independent on-ground validation of optical communication terminal interoperability ina facility located in ESA member states.Description: With an increasing number of constellations considering the use of optical inter satellite links and cross-atmospheric links, it is important to test, validateand ultimately certify the interoperability between different laser terminals manufactured by mul",https://esastar-publication-ext.sso.esa.int/ESATenderActions/details/185955
BLUE - monitor/no deadline,,1-13597,190758,COPERNICUS FLIGHT OPERATIONS SUPPORT SERVICE,Intended,Open Competition,,,,2,onboard,"This procurement covers the provision of Flight Operations Support Services for Copernicus missions operated by ESOC for the period2027-2032. The scope includes the support to all activities required for the preparation and execution of flight operations, such as routine operations, LEOP, commissioning, and end-of-life/deorbiting. It encompasses all key technical disciplines needed to ensuresafe and reliable operations.The service shall ensure continuity with the current contract through a structured phase-in, enabling a progressive ramp-up to full operational readiness. The service shall deliver the agility required to onboard the new Copernicus Expansion missions entrusted to ESOC while ma",https://esastar-publication-ext.sso.esa.int/ESATenderActions/details/190758
BLUE - monitor/no deadline,,1-13607,190772,DUAL SATELLITE IN-ORBIT TESTBED FOR SENSING AND COMMUNICATION FOR LOW-POWER DEVICES (ARTES AT 3E.034),Intended,Open Competition,,,,2,"quality, satellite","Objective: The objective of this activity is to design, manufacture and launch a dual satellite in-orbit testbed for sensing and communication for low-power devices with both transmit and receive user capability and inter-satellite link.Targeted Improvements: Enabling the development of protocols and operations concepts for the communication and geolocation from space with low-power terrestrial devices.Description: There is currently no European in-orbit capability to test and validate low-power communication directlybetween LEO satellites and standard ground devices. This limits the development of protocols, modulation schemes, and system architectures for emerging applications in low-power",https://esastar-publication-ext.sso.esa.int/ESATenderActions/details/190772
BLUE - monitor/no deadline,,1-13679,193366,HARMONY DATA INNOVATION AND SCIENCE CLUSTER: DEVELOPMENT PHASE (DISCDEV),Intended,Open Competition,,,,2,"quality, validation","The scope of this procurement is to set up the Harmony Data Innovation and ScienceCluster: development phase (DISCdev) contract. The DISCdev contract will be split into onepre-launch and one post-launch phase. The pre-launch phase (Phase 1) will mainly coverthe development and the integration of the Harmony processors and of quality andcalibration/validation tools and procedures. The post-launch phase (Phase 2) will cover inorbitcommissioning activities, where the operation and validation of all implemented toolsandprocessors, as well as product validation, will be performed. The DISCdev is a precursorof the Harmony Data Innovation and ScienceCluster (DISC), which will perform the nominalcal",https://esastar-publication-ext.sso.esa.int/ESATenderActions/details/193366
BLUE - monitor/no deadline,,1-13499,187377,HYDRON HAPS: HAPS-BASED OPTICAL NETWORK EXTENSION (ARTES 4.0 SL SPL 3A.242) EXPRO+,Intended,Open Competition,,,,2,"image, satellite","Objective:The objective of this study is to develop a system concept extending High-throughput Optical Network (HydRON) services to High-Altitude Pseudo-Satellites (HAPS) and their networks. To identify the technology gaps as well as the required development roadmap including estimations of schedule and costs.Targeted Improvements:To enable the connectivity of HAPS to an evolution of the satellite optical network system.Description:High-Altitude Pseudo-Satellites (HAPS) will play the role of an intermediate, airborne layer in a multi-domain/orbit communications architecture in line with the optical-6G concept. HAPS operate in the stratosphere at altitudes of 15 to 50 km, where they can maint",https://esastar-publication-ext.sso.esa.int/ESATenderActions/details/187377
BLUE - monitor/no deadline,,1-13490,186404,IN-ORBIT EXPERIMENT OF QUANTUM COMMUNICATION SOURCES (ARTES 4.0 SL SPL 3H.006) - ON REQUEST,Intended,Open Competition,,,,2,on-board,"Objective: Demonstrate the capability and feasibility of high-performance entangled photon sources and their monitoring testbed in space.TargetedImprovements:Creating a capability in Europe and Canada currently not present, to experiment with the operation andperformance of quantum communication sourcesin orbit, enabling future quantum communication systems.Description: Entangled photonsources are at the heart of many technological applications, including novel space-based quantum information networks (QIN).Demonstrating the capability and feasibility of high-performance entangled photon sources in space is an essential step to unlock these maturingtechnologies for emerging quantum communica",https://esastar-publication-ext.sso.esa.int/ESATenderActions/details/186404
BLUE - monitor/no deadline,,1-13685,193753,MATERIALS FOR SUSTAINABLE ATMOSPHERIC RE-ENTRY - EXPRO+,Intended,Open Competition,,,,2,"thermal, validation","Objective:To characterise spacecraft materials that minimise atmospheric impacts during re-entry.Description:ESA's Green Agendaand Ecodesign Policy require that the environmental impacts of all space missions andprogrammes are assessed and reduced across their full life cycle. Launch and spacecraft re-entry effects onthe atmosphere are known gaps to fulfil these requirements. This results in significant uncertainty andsystematic exclusion of such effects when developing materials on the basis of sustainable performance.Previous and ongoing Discovery activities, Insights into the Chemistry of Atmospheric Re-entry of JunkedSpacecraft (ICARUS) and Impacts of space Debris ablation on Earth's Atm",https://esastar-publication-ext.sso.esa.int/ESATenderActions/details/193753
BLUE - monitor/no deadline,,1-13680,193359,MEASUREMENT AND MODELLING OF THE ATTITUDE OF METOP AND SENTINEL 1 TO PREPARE FOR ERASE PHASE A - EXPRO+,Intended,Open Competition,,,,2,"river, thermal","Summary Description The proposed activity is will support the preparation for the ERASE Phase A. ERASE aims to prepare the removalof large, non-cooperative and unprepared objects in low Earth orbit, initially considering Metop and Sentinel-1 targets (starting with METOP-A and S1B, both being decommissioned), thereby supporting ESA's Space Safety Programme and the transition towards a circular economy in space. This activity will establish and demonstrate ground-based laser-ranging measurement, modelling and analysis capabilities to characterise the attitude state and tumbling behaviour of non-cooperative, unprepared targets, with initial focus on Metop and Sentinel-1 targets. The output is e",https://esastar-publication-ext.sso.esa.int/ESATenderActions/details/193359
BLUE - monitor/no deadline,,1-13653,192132,RECEIVER TECHNIQUES AND ALGORITHMS FOR PNT SOLUTIONS WITH ONLY 1 AND 2 LEO SATELLITES IN VIEW - EXPRO+,Intended,Open Competition,,,,2,"processing, satellite","Objective: To design PNT techniques and algorithms relying on only 1 and 2 LEO satellites in view, based on the optimised fusion ofall the available estimations along time.Description: The use of LEO-based systems on top of current GNSS systems (in MEO orbits) is being considered to improve the achievable user performances, in particular in challenging user scenarios. To ensure that at least3 or 4 satellites are in view by any user on ground, a much larger number of LEO satellites than for MEO is required to be used inthis case. In this context, it is of high interest to investigate techniques exploiting signals received by LEO satellites when only 1 and 2 LEO satellites are in view by a gro",https://esastar-publication-ext.sso.esa.int/ESATenderActions/details/192132
BLUE - monitor/no deadline,,1-13491,186402,RECONFIGURABLE PHOTONIC RF FILTER FOR FLEXIBLE PAYLOADS (ARTES 4.0 SL SPL 5F.055) - EXPRO+ (ON REQUEST),Intended,Open Competition,,,,2,"satellite, thermal","Objective: The objective of the activity is to design, manufacture and test a reconfigurable photonic RF filter with adjustable passband and tuneable central frequencybased on photonic integrated circuits.TargetedImprovements:Efficient spectrum management andinterference mitigation for multi-band flexible payloads. Adjustable passband in the range of 36MHz to 1500MHz(target 25MHz to 3000MHz) and tuneable central frequency across Ka/Q/V bands that is not currently existing.Description: In order to address changing market demands during the satellite mission lifetime and for interference mitigation, satellite operators are interested in fullyflexible payload architectures that offer in-orbit R",https://esastar-publication-ext.sso.esa.int/ESATenderActions/details/186402
BLUE - monitor/no deadline,,1-13474,186390,S3-SW-07- SPACE WEATHER HOSTED-PAYLOAD DATA-AS-A-SERVICE DEMONSTRATOR,Intended,Open Competition,,,,2,"processing, thermal","The objective of this activity is to implement and deliver a data service for Space Weather data based on a Hosted Payload approach. The following set of measurements shall be provided in near-real time from a Low Earth Orbit with an altitude around 1000 km:oThe flux of energetic electrons (0.3 - 3 MeV) and protons (10 - 200 MeV), as present in Earth's radiation belts and from Solar Particle EventsoThe flux of thermal electrons and ions (10 eV to 24 keV) to measure the 3D distribution of precipitating particles.The lifetime of the hosting mission is expected to be at least 5 years, so that the data service could be provided for an extended amountof time, while the activity only covers the fi",https://esastar-publication-ext.sso.esa.int/ESATenderActions/details/186390
BLUE - monitor/no deadline,,1-13606,190381,S3-SW-14 SPACE WEATHER CENTRE FOR SPAIN INITIAL ESTABLISHMENT AND CORE CAPABILITY DEVELOPMENTS: PART 1,Intended,Open Competition,,,,2,"quality, satellite","Space Weather Centre for Spain Initial Establishment and Core Capability Developments: Part 1This activity will constitute the initial establishment and operation of a Space Weather Centre for affected stakeholders along with underpinning tools, capabilities and procedures required in order to deliver tailored high quality services to end users. Key user groups are expected to include operators of energy transmission systems, satellite operators, the aviation sector, the Ministry of Defence (MoD) and others. The Centre shall operate in close cooperation with ESA's Space weather Service Network with the aim to establish a node that facilitates collaborative actions with network participants w",https://esastar-publication-ext.sso.esa.int/ESATenderActions/details/190381
BLUE - monitor/no deadline,,5-50187,186383,ADVANCING SECTORAL EMISSIONS MONITORING FCP - FIXED CALL FOR PROPOSALS,Intended,Call for Proposals,,,,1,eo,"The Advancing Sectoral Emission Monitoring is a Fixed Call for Proposal for RD projects advancing the detection and quantificationof greenhouse gas (CH4, CO2 or other species with a radiative forcing effect) and air pollutants emissions for specific sectors. Targeted sectors are defined as in international and European policies (IPCC Guidelines for National Greenhouse Gas Inventories, EU-ETS, CBAM, main sectors contributing to global methane emissions, Industrial Emissions Portal Regulation, ...). The activity will alsovelop complementary sector-specific information such as activity data to produce EO-based policy-relevant information. The activityforesees the direct involvement of relevant ",https://esastar-publication-ext.sso.esa.int/ESATenderActions/details/186383
BLUE - monitor/no deadline,,1-13427,185697,ASSESSMENT OF 400 TO 800 GBPS DIGITAL COHERENT OPTICAL MODULES FOR SATELLITE OPTICAL COMMUNICATION (ARTES 4.0 SL SPL 5H.017) - EXPRO+,Intended,Open Competition,,,,1,satellite,"The objective of the activity is to assess the suitability of the latest generation of COTS Digital Coherent Optical (DCO) modules for optical intersatelliteand cross-atmospheric links.TargetedImprovements:Enabling optical inter satellite links (OISLs) with adata rate four times higher than previously demonstrated. Improving the efficiency of transceivers(energy/bit).Description: The current generation of coherent transceivers Digital Coherent Optical (DCO) modules tested and implemented in current laser communication terminalsallow data rates from 100 to 200 Gbps. However, the latest generation of COTS DCO (fibre networks) extends this range to 800 Gbps, leveraging severaltechnological adva",https://esastar-publication-ext.sso.esa.int/ESATenderActions/details/185697
BLUE - monitor/no deadline,,1-13442,185674,DESIGN AND PRODUCTION OF A MOBILE MEASUREMENT CONTROL COMMAND SYSTEM - EXPRO+,Intended,Open Competition,,,,1,validation,"This activity is to procure a fully operational Mobile Measurement Control Command system (Mobile MCC). The Mobile MCC is a portable control unit designed for flexible deployment within or outside a facility, positioned near the experiment it supports, and capable of being easily relocated across various environments such as laboratories, clean rooms, and general facility areas once unloaded from its transport pallet. The scope includes system engineering and detailed design, procurement and manufacturing of hardware,integration of acquisition and control systems, software implementation and configuration, testing and validation of system performance, delivery of the complete system and docu",https://esastar-publication-ext.sso.esa.int/ESATenderActions/details/185674
BLUE - monitor/no deadline,,1-13441,185696,DYNAMIC HIGH-VOLUME DATA DISTRIBUTION FOR INTEGRATED OPTICAL AND RF NETWORKS (ARTES 4.0 SL SPL 6C.082) - EXPRO+,Intended,Open Competition,,,,1,satellite,"Objective: The objective of the activity is to develop bundle protocol and network stack, enabling automatic high-volume end-to-enddata distribution within integratedRF and optical networks. The testbed shall be developed to test networks feature heterogenous links, e.g. in terms of data rates or latencies, and includeend users, mission and payload control centres, optical and RF ground stations and space data relay systems.TargetedImprovements:Standardised data distribution irrespective of RF or optical communication.Reduced ground segment complexity (single system for RF and optical).Automatic network-based distribution.Increased E2E data delivery accountability leveraging unified reportin",https://esastar-publication-ext.sso.esa.int/ESATenderActions/details/185696
BLUE - monitor/no deadline,,1-13522,187336,EFC3 - WORK ORDER EOP MISSION CRITICAL IT INFRASTRUCTURE SUPPORT - 3-EOP-ITS-1-004,Intended,Open Competition,,,,1,satellite,"EOP maintains an IT infrastructure (servers, network storage) dedicated to support mission-critical functions during satellite implementation, commissioning and operations. This Work Package is dedicated to administering this infrastructure, including maintenanceand evolution planning, configuration and operations as needed by the various EOP missions, and liaising with the ESA network and security teams to ensure adequate network and security configuration of this infrastructure.",https://esastar-publication-ext.sso.esa.int/ESATenderActions/details/187336
BLUE - monitor/no deadline,,1-13449,185952,END TO END DIGITALISATION OF GNC/AOCS DEVELOPMENT EXPRO PLUS,Intended,Open Competition,,,,1,validation,"ObjectivesTo define the end-to-end digital development of AOCS/GNC subsystem, including definition of artefacts, tools, method andtechniques, as well as needed development, based on a pilot use case application.DescriptionDigitalisation is creating new processes and radically altering existing workflows. The goal of this activity is to analyse the digital transformations to come for the AOCS/GNC subsystem. This includes, analysis of influences of digitalisation on subsystem development process; impact on standard AOCS/GNC artefacts produced in ESA projects; impact of digitalisation and Model Based engineering on the AOCS/GNC verification process.This activity aims at defining the tools, meth",https://esastar-publication-ext.sso.esa.int/ESATenderActions/details/185952
BLUE - monitor/no deadline,,1-13639,192617,"EQCI-02: EUROQCI GOVERNMENTAL SYSTEM CONCEPT STUDY (PHASE A), REFERENCE AND VALIDATION ENVIRONMENT AND ENGINEERING SUPPORT - STAGE 1 (CLASSIFIED)",Intended,Open Competition,,,,1,validation,"This activity aims at defining the EuroQCI Governmental System concept, consolidating mission and security requirements, developingthe system and segment architectures, identifying technical and regulatory gaps, and establishing the security, assurance and certification foundations required to support subsequent development phases and the Phase A PRR.",https://esastar-publication-ext.sso.esa.int/ESATenderActions/details/192617
BLUE - monitor/no deadline,,1-13658,192616,"ESA SPACE WEATHER SERVICE NETWORK PRE-OPERATION, EVOLUTIONARY MAINTENANCE AND DEVELOPMENT",Intended,Open Competition,,,,1,quality,"The present activity pursues two main objectives.First, it shall ensure the continued high-quality provision of pre-operational space weather services under the existing SWE Service Network. This includes maintaining the availability of the products and servicescurrently included in the Network portfolio through the SWE Service Portal, ensuring the integration of newly developed or updated products, providing first- and second-line end-user support, delivering tailored bulletins to high-priority users, and performing continuous and evolutionary maintenance of key service components.In addition, the service catalogue shall be updated and adapted to reflect emerging and future needs of a Europ",https://esastar-publication-ext.sso.esa.int/ESATenderActions/details/192616
BLUE - monitor/no deadline,,1-13434,185699,EXPLORING MISSION CONCEPTS FOR QUANTUM SPACE NETWORK (QUASAR) DEMONSTRATOR (ARTES 4.0 SL SPL 3H.012) - EXPRO+,Intended,Open Competition,,,,1,satellite,"Objective: The objective of the activity is to investigate mission concepts for entanglement distribution QUAntum SpAce netwoRk (QUASAR) in the context ofQuantum Information Networks. The aim is to define preliminary requirements of the in-orbit-experiment, involving a space segment and at least twodistant ground stations, required to verify entanglement distribution from space.TargetedImprovements:The targeted improvement is to mature the quantum payload concept definition and mission requirement, to improve the viability of the in-orbitexperiment of satellite entanglement distribution with the current and near-future technology.Description: The development of Quantum Information Networks (",https://esastar-publication-ext.sso.esa.int/ESATenderActions/details/185699
BLUE - monitor/no deadline,,1-13609,190774,FRAME-BY-FRAME SWITCHING OF DVB-S2X AND RCS2 IN RETURN LINK (ARTES AT 3C.053) (ON DELEGATION REQUEST),Intended,Open Competition,,,,1,satellite,"Objective: The objective of this activity is to develop and test a prototype terminal capable of DVB-S2X and RCS2 real-time switching in the return link utilising a Commercial-off-the-Shelf (COTS) modem ASIC. In a second step, the activity will develop a hub burst demodulator and scheduler, capable of using both, DVB-S2X and RCS2 frame types, allowing aflexible bandwidth share based on traffic types. End-to-end testing will include performance evaluation of the full return link comprising hub and user terminal.TargetedImprovements: Increase return link spectral efficiency up to 30% and demonstrate throughput beyond 100 Mbaud while retaining the intrinsic flexibility of MF-TDMA to retain low ",https://esastar-publication-ext.sso.esa.int/ESATenderActions/details/190774
BLUE - monitor/no deadline,,1-13678,193757,HE-SWE-03B - GLOBAL MULTI-MOMENT MULTI-FLUID MODEL OF THE MAGNETOSPHERE,Intended,Open Competition,,,,1,validation,"The Agency seeks to assess the applicability and operational potential of a multi-moment, multi-fluid modelling approach for forecasting and nowcasting the Earth's magnetospheric space weather environment. While current operational systems predominantly rely on global MHD models and fully kinetic approaches remain computationally challenging for routine use, this activity aims to demonstrate whether a multi-fluid framework can provide an effective balance between physical realism and operational performance. Bidders are expected to employ real observational data for model verification, validation, calibration, and performance enhancement, investigating techniques such as data assimilation, d",https://esastar-publication-ext.sso.esa.int/ESATenderActions/details/193757
BLUE - monitor/no deadline,,1-13502,187380,HYDRON MARITIME: SATELLITE OPTICAL NETWORK EXTENSION (ARTES 4.0 SL SPL 3A.239) EXPRO+,Intended,Open Competition,,,,1,satellite,"Objective:The objective of this study is to develop a system concept evolving HydRON services to maritime communications and identify the technology gaps as well as the required development roadmap.Targeted Improvements:To enable maritime communications with satellite HydRON (High-throughput Optical Network) systemDescription:Maritime routes are strategic in a connected world, where economies are interdependent. 80% of the global trade depends on shipping. Current strategical routes include South China, South India, Suez Canal, Mediterranean see, trans-Atlantic and Panama Canal. Together with the current routes, the transit along the arctic seais currently becoming more attention for cargo s",https://esastar-publication-ext.sso.esa.int/ESATenderActions/details/187380
BLUE - monitor/no deadline,,1-13518,187376,HYDRON UPGRADE KIT: ESTOL-COMPLIANT PORTABLE MODEM UPGRADE KIT FOR OPTICAL GROUND STATIONS (ARTES 4.0 SL SPL 6C.091) EXPRO+,Intended,Open Competition,,,,1,satellite,"Objective:To develop a portable modem that can be easily integrated in an existing optical ground station to make it compatible with ESTOL specificationsTargeted Improvements:Increased interoperability between existing optical ground stations and future satellite systems (e.g., HydRON).Description:There are a number of existing or planned optical ground stations (OGSs) that are currently used for scientific missions or to demonstrate quantum technologies. Those OGSs are not compliant to the ESA Specifications for Terabit/s Optical Links (ESTOL). To maximise the benefit of early Member State investments, the activity shall develop an upgrade kit"" for multiple existing OGS infrastructures. An ",https://esastar-publication-ext.sso.esa.int/ESATenderActions/details/187376
BLUE - monitor/no deadline,,4-40052,193758,MOONLIGHT STANDARD CALL FOR PROPOSALS - PRODUCT ACTIVITIES,Intended,Call for Proposals,,,,1,satellite,"This Call for Proposals is for industry-initiated Product Activities for the Moonlight Programme. Participating States' industries,satellite operators, service providers, in cooperation with users and customer communities when relevant, as well as universities and research institutes, may submit proposals to the call at their own initiative and at any time. The activities shall be implementedthrough non-competitive tender actions.",https://esastar-publication-ext.sso.esa.int/ESATenderActions/details/193758
BLUE - monitor/no deadline,,1-13530,187381,MULTI-APERTURE DIGITAL COHERENT AND INCOHERENT GROUND MODEM FOR OPTICAL COMMUNICATIONS (ARTES 4.0 SL SPL 6C.081) - EXPRO+ (ON REQUEST),Intended,Open Competition,,,,1,processing,"Objective: The objective of this activity is to design, manufacture and test a digital coherent and incoherent signal combining receiver that utilises multiple smalltelescopes, achieving a large effective collection area.TargetedImprovements:Reduction of system cost and complexity by using multiple small apertures to avoid the use of a larger aperture with an adaptive optics system whilemaintaining the total corresponding coupled power-in-fibre.Enabling modular system design, allowing incremental future upgrades to enhance link power budget.Description: The logical progression in optical receiver development is to use a modular receiver design with multiple apertures combined coherently and ",https://esastar-publication-ext.sso.esa.int/ESATenderActions/details/187381
BLUE - monitor/no deadline,,1-13466,185956,OPTICAL KEY DISTRIBUTION CONCEPT ASSESSMENT FOR SECURE COMMUNICATION IN SPACE (ARTES 4.0 SL SPL 3A.231) EXPRO+ (ON REQUEST),Intended,Open Competition,,,,1,satellite,"Objective: The objective of this activity is to develop and test a free-space communication link with optical key distribution (OKD) functionality.TargetedImprovements:Improvement of the key distribution rate by at least a factor of 100 with respect to QKD, alternatively, the reduction of the aperture sizes of both terminals(for the same key rate as QKD). Provision of the security assessment for OKD.Description: In the vast majority of cases, the security of communication systems is only ensured at their digital layers, leaving the lowest physical layer open toeavesdropping and interference. The primary concern in space scenarios is passive attacks, where the adversary is often able to captu",https://esastar-publication-ext.sso.esa.int/ESATenderActions/details/185956
BLUE - monitor/no deadline,,1-13457,185951,POWER MANAGEMENT IC WITH LOW VOLTAGE DYNAMIC POINT OF LOAD REGULATION - EXPRO PLUS,Intended,Open Competition,,,,1,processing,"To develop a Power Management IC with low voltage dynamic point of load regulation able to supply independently multiplesupply rails.Description: Exploration in harsh environments with long lunar nights and limited amount of energy poses difficult challenges for the success of these missions. Traditional standby modes, which consume a substantial amount of power when inactive, have proven detrimental for applications of this nature. By utilizing advanced power management techniques such as dynamic voltage scaling, selective rail supply, and sequenced control of FPGAs and microcontrollers, significant energy savings can be achieved. This Power Management ICs could be utilized in all the proce",https://esastar-publication-ext.sso.esa.int/ESATenderActions/details/185951
BLUE - monitor/no deadline,,1-13661,192610,PROJECT MANAGEMENT CONTROLLING ACADEMY - EXPRO PLUS,Intended,Open Competition,,,,1,quality,"The purpose of this Invitation to Tender (ITT) is to procure support services for the implementation of the PMC Academy covering training development, ramp-up and release activities, initial operational support, and hand-over of the Academy to an operating entity designated by ESA. Therefore, the Contractor shall support ESA in achieveing the following objectives:Developing and maintaining high-quality training programmes and associated learning material in accordance with the Academy framework established by ESA;Supporting the implementation of the Academy through a phased and wave-based deployment approach;Providing training coordination, administration, logistics and operational support f",https://esastar-publication-ext.sso.esa.int/ESATenderActions/details/192610
BLUE - monitor/no deadline,,1-13647,192133,"S2-LT-04 + S2-LT-05 DEMONSTRATION OF THE OPERATIONAL CAPABILITY, ROBUSTNESS ENHANCEMENT AND MARKET READINESS OF NETWORKED LASER DEBRIS TRACKING - EXPRO +",Intended,Open Competition,,,,1,satellite,"The activity aims to mature and expand the Debris Laser Tracking Network toward operational readiness and market applicability. It focuses on improving automation, system performance, product accuracy, and end-user alignment, while also addressing legal and regulatory constraints for compliant laser ranging operations, including potential ranging to active satellites.The network will be expanded by integrating at least one additional Satellite Laser Ranging station, upgraded to support debris laser ranging also during daytime, to improve station automation, and to interface with the DLTN automation framework.A coordinated observation campaign, involving end users and the ESA Laser Ranging St",https://esastar-publication-ext.sso.esa.int/ESATenderActions/details/192133
BLUE - monitor/no deadline,,1-13587,190186,S3-CL-03 ERASE PHASE A ACTIVE DEBRIS REMOVAL MISSION FOR LARGE UNPREPARED LEO PLATFORMS - EXPRO+,Intended,Open Competition,,,,1,satellite,"ESA intends to implement a Zero Debris policy by 2030 and has a long-term vision for a sustainable and safe space environment leveraging on the development of a space circular economy.Large Low Earth Orbit (LEO) satellites in particular present significant risks, both in terms of potential collisions and ground casualty hazards resulting from uncontrolled re-entry. The ESA's Clean Space Office has been pioneering the study of ADR since 2012, starting with the e.Deorbit study, followed by the ClearSpace-1 and the CAT mission in more recent years, under the ADRIOS initiative part of the ESA Space Safety Program. In the past years there has been growing interest in ADR services targeting large ",https://esastar-publication-ext.sso.esa.int/ESATenderActions/details/190186
BLUE - monitor/no deadline,,1-13593,190748,S3-S2P-01 SPACE SAFETY TEST AND VALIDATION,Intended,Open Competition,,,,1,validation,"This procurement is competitive tendering for a service activity to ESA for the technical expert support in the framework of the Space Safety Programme. The content of this procurement is the work by technical experts to support monitoring of the industrial development activities and verification and acceptance testing of the deliverables from the industrial contracts for the Space Weather, Space Debris and Clean Space Segments. The expertise within this contract includes scientific expertise on space weather, technical expertise on spaceborne and ground-based instruments and IT expertise for all three Space Safety segments. All services in this activity are managed and delivered through the",https://esastar-publication-ext.sso.esa.int/ESATenderActions/details/190748
BLUE - monitor/no deadline,,1-13590,190764,SPECTRUM COEXISTENCE LABORATORY (ARTES 4.0 SPL 4S 3A.229) - EXPRO+,Intended,Open Competition,,,,1,satellite,"The objective is to develop a standardised test laboratory to evaluate the coexistence of various satellite and terrestrial systemswithin a realistic, emulated, and controlled environment.TargetedImprovements: Enable a quantified and objective assessment of mutual interferences. Reduce satcom service outage due to interference from third systems to less than 0.1%.Description: Traditional methods of interference analysis and simulation, which often rely on static models and assumptions, are insufficient to describe thereal-time interactions and variability ofsatellite and terrestrial telecommunication networks. For example, in assessing the potential interference of new NGSO systems, it is ma",https://esastar-publication-ext.sso.esa.int/ESATenderActions/details/190764
BLUE - monitor/no deadline,,1-13657,192547,STRATEGIC ADVOCACY FACILITY,Intended,Open Competition,,,,1,eo,"The Strategic Advocacy Facility is a strategic Action Readiness instrument within ESA's Earth Action framework that enables the translation of EO innovation, science and applications into sustained operational uptake and impact, particularly within the impact finance ecosystem of International Financial Institutions, climate and environmental funds, and developing-country stakeholders. The Facility combines programme-level impact measurement and evidence generation, strategic partnership engagement, institutional advisorysupport, country-level uptake assessment, strategic intelligence, advocacy and communication within a single integrated framework. Building on the legacy and assets of the G",https://esastar-publication-ext.sso.esa.int/ESATenderActions/details/192547
BLUE - monitor/no deadline,,1-13562,188556,TALLINN HELSINKI OPTICAL RELAY (THOR) TESTBED (ARTES 4.0 SL SPL 6C.092) - REQUESTED,Intended,Open Competition,,,,1,satellite,Objective: The objective of the activity is to define and develop a free space optical communication testbed suitable for testing a cross-atmospheric optical connectivity in the horizontal link between Tallinn and Helsinki. Targeted Improvements: To create a terrestrial testbed capability allowing for demonstration and long-term communication testing. The testbed will provide information on the long-distance atmospheric channel and the stability of the optical links in fixed and mobile configuration. The testbed facility will support new technology developments for optical and quantum satellite communication. Description: Most of satellite constellations developed these days include intersat,https://esastar-publication-ext.sso.esa.int/ESATenderActions/details/188556
